time,task_id,s0,s1,s2,s3,s4,s5,s6,s7,s8,s9,action_offload,action_prb,action_prob,reward,s_next0,s_next1,s_next2,s_next3,s_next4,s_next5,s_next6,s_next7,s_next8,s_next9,done
39.0,7020,0.0,0.0,0.0,12.0,120000.0,20000.0,1.0,5.0,1.0,1.0,2,83,0.0024752475247524753,9.868833333333333,0.11627906976744186,0.07267441860465117,0.0,12.0,120000.0,20000.0,1.0,5.0,0.31,0.8,0
37.0,5220,0.0,0.0,0.0,12.0,120000.0,20000.0,1.0,6.0,1.0,1.0,0,0,0.0024752475247524753,9.76525,0.11627906976744186,0.07267441860465117,12.5,12.0,120000.0,20000.0,3.0,7.0,0.31,0.8,0
43.0,7022,0.11627906976744186,0.07267441860465117,0.0,12.0,120000.0,20000.0,1.0,5.0,0.31,0.8,3,45,0.0024752475247524753,-4.945,0.11627906976744186,0.07267441860465117,0.0,12.0,120000.0,20000.0,1.0,5.0,0.03,0.7,1
43.0,7470,0.11627906976744186,0.07267441860465117,0.0,12.0,120000.0,20000.0,1.0,2.0,0.31,0.8,3,43,0.0024752475247524753,-4.945,0.11627906976744186,0.07267441860465117,0.0,12.0,120000.0,20000.0,1.0,2.0,0.03,0.7,1
43.0,7921,0.11627906976744186,0.07267441860465117,12.5,12.0,120000.0,20000.0,2.0,5.0,0.31,0.8,1,98,0.0024752475247524753,-4.9785,0.11627906976744186,0.07267441860465117,12.5,12.0,120000.0,20000.0,2.0,5.0,0.03,0.7,1
41.0,5670,0.0,0.07621951219512195,0.0,12.0,120000.0,20000.0,1.0,2.0,0.8,1.0,3,59,0.0024752475247524753,-5.068333750000001,0.22747947509566083,0.07108733596739401,0.0,12.0,120000.0,20000.0,1.0,2.0,0.03,0.7,1
41.0,5222,0.0,0.07621951219512195,25.0,12.0,120000.0,20000.0,3.0,6.0,0.8,1.0,3,21,0.0024752475247524753,9.935,0.22727272727272727,0.07102272727272728,25.0,12.0,120000.0,20000.0,3.0,6.0,0.13,0.7,0
44.0,11970,0.22727272727272727,0.07102272727272728,0.0,12.0,120000.0,0.0,0.0,0.0,0.13,0.7,3,2,0.0024752475247524753,-4.9510000000000005,0.22727272727272727,0.07102272727272728,0.0,12.0,120000.0,0.0,0.0,0.0,0.01,0.58,1
41.0,7021,0.0,0.07621951219512195,0.0,12.0,120000.0,20000.0,1.0,5.0,0.8,1.0,1,35,0.0024752475247524753,-5.1045,0.22727272727272727,0.07102272727272728,0.0,12.0,120000.0,20000.0,1.0,5.0,0.01,0.58,1
43.0,5671,0.11627906976744186,0.07267441860465117,0.0,12.0,120000.0,20000.0,1.0,2.0,0.31,0.8,3,30,0.0024752475247524753,-5.032667083333333,0.33362981903251354,0.06950621229844034,0.0,12.0,120000.0,20000.0,1.0,2.0,0.01,0.58,1
45.0,5224,0.33333333333333337,0.06944444444444445,25.0,12.0,120000.0,20000.0,3.0,6.0,0.01,0.58,1,5,0.0024752475247524753,-4.974499999999999,0.33333333333333337,0.06944444444444445,25.0,12.0,120000.0,20000.0,3.0,6.0,0.01,0.58,1
45.0,7922,0.33333333333333337,0.06944444444444445,12.5,12.0,120000.0,20000.0,2.0,5.0,0.01,0.58,1,52,0.0024752475247524753,-4.9795,0.33333333333333337,0.06944444444444445,12.5,12.0,120000.0,20000.0,2.0,5.0,0.01,0.58,1
39.0,5221,0.0,0.0,12.5,12.0,120000.0,20000.0,2.0,6.0,1.0,1.0,0,0,0.0024752475247524753,9.749832916666668,0.33325920167536066,0.06942900034903347,12.5,12.0,120000.0,20000.0,2.0,6.0,0.01,0.58,0
44.0,8820,0.22727272727272727,0.07102272727272728,0.0,12.0,120000.0,0.0,0.0,2.0,0.13,0.7,3,2,0.0024752475247524753,-5.032667083333333,0.43516091489101066,0.06799389295172042,0.0,12.0,120000.0,0.0,0.0,2.0,0.01,0.58,1
46.0,1353,0.43478260869565216,0.11322463768115942,0.0,8.0,80000.0,0.0,0.0,6.0,0.01,0.58,1,84,0.0024752475247524753,-4.9795,0.43478260869565216,0.11322463768115942,0.0,8.0,80000.0,0.0,0.0,6.0,0.01,0.58,1
46.0,4141,0.43478260869565216,0.11322463768115942,0.0,25.0,400000.0,0.0,0.0,0.0,0.01,0.58,3,63,0.0024752475247524753,-4.9510000000000005,0.43478260869565216,0.11322463768115942,0.0,25.0,400000.0,0.0,0.0,0.0,0.01,0.58,1
46.0,4861,0.43478260869565216,0.11322463768115942,0.0,25.0,400000.0,0.0,0.0,6.0,0.01,0.58,3,63,0.0024752475247524753,-4.9510000000000005,0.43478260869565216,0.11322463768115942,0.0,25.0,400000.0,0.0,0.0,6.0,0.01,0.58,1
46.0,8821,0.43478260869565216,0.11322463768115942,0.0,12.0,120000.0,0.0,0.0,2.0,0.01,0.58,3,63,0.0024752475247524753,-4.9510000000000005,0.43478260869565216,0.11322463768115942,0.0,12.0,120000.0,0.0,0.0,2.0,0.01,0.58,1
46.0,11971,0.43478260869565216,0.11322463768115942,0.0,12.0,120000.0,0.0,0.0,1.0,0.01,0.58,3,63,0.0024752475247524753,-4.9510000000000005,0.43478260869565216,0.11322463768115942,0.0,12.0,120000.0,0.0,0.0,1.0,0.01,0.58,1
41.0,7920,0.0,0.07621951219512195,0.0,12.0,120000.0,20000.0,1.0,5.0,0.8,1.0,0,0,0.0024752475247524753,9.7505,0.425531914893617,0.11081560283687944,0.0,12.0,120000.0,20000.0,2.0,5.0,0.01,0.58,0
47.0,5225,0.425531914893617,0.11081560283687944,12.5,12.0,120000.0,20000.0,2.0,6.0,0.01,0.58,3,13,0.0024752475247524753,-4.9510000000000005,0.425531914893617,0.11081560283687944,12.5,12.0,120000.0,20000.0,2.0,6.0,0.01,0.58,1
47.0,5673,0.425531914893617,0.11081560283687944,12.5,12.0,120000.0,20000.0,2.0,2.0,0.01,0.58,3,13,0.0024752475247524753,-4.9510000000000005,0.425531914893617,0.11081560283687944,12.5,12.0,120000.0,20000.0,2.0,2.0,0.01,0.58,1
47.0,7024,0.425531914893617,0.11081560283687944,12.5,12.0,120000.0,20000.0,2.0,5.0,0.01,0.58,1,99,0.0024752475247524753,-4.9795,0.425531914893617,0.11081560283687944,12.5,12.0,120000.0,20000.0,2.0,5.0,0.01,0.58,1
47.0,7472,0.425531914893617,0.11081560283687944,12.5,12.0,120000.0,20000.0,2.0,2.0,0.01,0.58,1,99,0.0024752475247524753,-4.9795,0.425531914893617,0.11081560283687944,12.5,12.0,120000.0,20000.0,2.0,2.0,0.01,0.58,1
40.0,1350,0.0,0.078125,0.0,8.0,80000.0,0.0,0.0,6.0,0.9,1.0,2,83,0.0024752475247524753,-5.437833333333334,0.42253521126760557,0.11003521126760564,0.0,8.0,80000.0,0.0,0.0,6.0,0.01,0.58,1
48.0,1354,0.4166666666666667,0.10850694444444445,0.0,8.0,80000.0,0.0,0.0,6.0,0.01,0.58,2,99,0.0024752475247524753,-4.9795,0.4166666666666667,0.10850694444444445,0.0,8.0,80000.0,0.0,0.0,6.0,0.01,0.58,1
48.0,3781,0.4166666666666667,0.10850694444444445,12.5,25.0,400000.0,20000.0,2.0,2.0,0.01,0.58,2,77,0.0024752475247524753,-4.9795,0.4166666666666667,0.10850694444444445,12.5,25.0,400000.0,20000.0,2.0,2.0,0.01,0.58,1
48.0,8822,0.4166666666666667,0.10850694444444445,0.0,12.0,120000.0,0.0,0.0,2.0,0.01,0.58,2,77,0.0024752475247524753,-4.9795,0.4166666666666667,0.10850694444444445,0.0,12.0,120000.0,0.0,0.0,2.0,0.01,0.58,1
48.0,11972,0.4166666666666667,0.10850694444444445,0.0,12.0,120000.0,0.0,0.0,1.0,0.01,0.58,2,77,0.0024752475247524753,-4.9795,0.4166666666666667,0.10850694444444445,0.0,12.0,120000.0,0.0,0.0,1.0,0.01,0.58,1
44.0,1352,0.22727272727272727,0.07102272727272728,0.0,8.0,80000.0,0.0,0.0,6.0,0.13,0.7,3,25,0.0024752475247524753,-5.244333958333334,0.479189386803932,0.10696191669730627,0.0,8.0,80000.0,0.0,0.0,6.0,0.01,0.58,1
49.0,2250,0.4761904761904762,0.10629251700680273,0.0,8.0,80000.0,0.0,0.0,5.0,0.01,0.58,3,25,0.0024752475247524753,-4.9510000000000005,0.4761904761904762,0.10629251700680273,0.0,8.0,80000.0,0.0,0.0,5.0,0.01,0.58,1
49.0,4142,0.4761904761904762,0.10629251700680273,0.0,25.0,400000.0,0.0,0.0,0.0,0.01,0.58,3,25,0.0024752475247524753,-4.9510000000000005,0.4761904761904762,0.10629251700680273,0.0,25.0,400000.0,0.0,0.0,0.0,0.01,0.58,1
49.0,4862,0.4761904761904762,0.10629251700680273,0.0,25.0,400000.0,0.0,0.0,5.0,0.01,0.58,1,93,0.0024752475247524753,-4.9795,0.4761904761904762,0.10629251700680273,0.0,25.0,400000.0,0.0,0.0,5.0,0.01,0.58,1
49.0,5226,0.4761904761904762,0.10629251700680273,12.5,12.0,120000.0,20000.0,2.0,6.0,0.01,0.58,1,93,0.0024752475247524753,-4.9795,0.4761904761904762,0.10629251700680273,12.5,12.0,120000.0,20000.0,2.0,6.0,0.01,0.58,1
49.0,7473,0.4761904761904762,0.10629251700680273,12.5,12.0,120000.0,20000.0,2.0,2.0,0.01,0.58,1,3,0.0024752475247524753,-4.9795,0.4761904761904762,0.10629251700680273,12.5,12.0,120000.0,20000.0,2.0,2.0,0.01,0.58,1
49.0,7924,0.4761904761904762,0.10629251700680273,12.5,12.0,120000.0,20000.0,2.0,5.0,0.01,0.58,1,3,0.0024752475247524753,-4.9795,0.4761904761904762,0.10629251700680273,12.5,12.0,120000.0,20000.0,2.0,5.0,0.01,0.58,1
43.0,5223,0.11627906976744186,0.07267441860465117,12.5,12.0,120000.0,20000.0,2.0,7.0,0.31,0.8,0,0,0.0024752475247524753,9.750082916666667,0.47609321714754466,0.10627080739900549,0.0,12.0,120000.0,20000.0,1.0,6.0,0.01,0.58,0
50.0,1355,0.46666666666666673,0.10416666666666667,0.0,8.0,80000.0,0.0,0.0,6.0,0.01,0.58,1,46,0.0024752475247524753,-4.9795,0.46666666666666673,0.10416666666666667,0.0,8.0,80000.0,0.0,0.0,6.0,0.01,0.58,1
50.0,8823,0.46666666666666673,0.10416666666666667,0.0,12.0,120000.0,0.0,0.0,2.0,0.01,0.58,1,46,0.0024752475247524753,-4.9795,0.46666666666666673,0.10416666666666667,0.0,12.0,120000.0,0.0,0.0,2.0,0.01,0.58,1
50.0,11973,0.46666666666666673,0.10416666666666667,0.0,12.0,120000.0,0.0,0.0,1.0,0.01,0.58,3,46,0.0024752475247524753,-4.9510000000000005,0.46666666666666673,0.10416666666666667,0.0,12.0,120000.0,0.0,0.0,1.0,0.01,0.58,1
45.0,5672,0.33333333333333337,0.06944444444444445,0.0,12.0,120000.0,20000.0,1.0,2.0,0.01,0.58,0,0,0.0024752475247524753,9.750250000000001,0.4575163398692811,0.14297385620915032,12.5,12.0,120000.0,20000.0,2.0,2.0,0.01,0.58,0
45.0,7023,0.33333333333333337,0.06944444444444445,0.0,12.0,120000.0,20000.0,1.0,5.0,0.01,0.58,0,0,0.0024752475247524753,9.750250000000001,0.4575163398692811,0.14297385620915032,12.5,12.0,120000.0,20000.0,2.0,4.0,0.01,0.58,0
45.0,7471,0.33333333333333337,0.06944444444444445,0.0,12.0,120000.0,20000.0,1.0,2.0,0.01,0.58,1,52,0.0024752475247524753,9.7705,0.4575163398692811,0.14297385620915032,0.0,12.0,120000.0,20000.0,2.0,2.0,0.01,0.58,0
51.0,2251,0.4575163398692811,0.14297385620915032,0.0,8.0,80000.0,0.0,0.0,5.0,0.01,0.58,3,55,0.0024752475247524753,-4.9510000000000005,0.4575163398692811,0.14297385620915032,0.0,8.0,80000.0,0.0,0.0,5.0,0.01,0.58,1
51.0,3782,0.4575163398692811,0.14297385620915032,12.5,25.0,400000.0,20000.0,2.0,2.0,0.01,0.58,3,55,0.0024752475247524753,-4.9510000000000005,0.4575163398692811,0.14297385620915032,12.5,25.0,400000.0,20000.0,2.0,2.0,0.01,0.58,1
51.0,5227,0.4575163398692811,0.14297385620915032,0.0,12.0,120000.0,20000.0,1.0,6.0,0.01,0.58,3,90,0.0024752475247524753,-4.9510000000000005,0.4575163398692811,0.14297385620915032,0.0,12.0,120000.0,20000.0,2.0,6.0,0.01,0.58,1
51.0,5675,0.4575163398692811,0.14297385620915032,12.5,12.0,120000.0,20000.0,2.0,2.0,0.01,0.58,3,90,0.0024752475247524753,-4.9510000000000005,0.4575163398692811,0.14297385620915032,12.5,12.0,120000.0,20000.0,2.0,2.0,0.01,0.58,1
51.0,7026,0.4575163398692811,0.14297385620915032,12.5,12.0,120000.0,20000.0,2.0,4.0,0.01,0.58,1,22,0.0024752475247524753,-4.9795,0.4575163398692811,0.14297385620915032,12.5,12.0,120000.0,20000.0,2.0,4.0,0.01,0.58,1
51.0,7925,0.4575163398692811,0.14297385620915032,12.5,12.0,120000.0,20000.0,2.0,5.0,0.01,0.58,3,34,0.0024752475247524753,-4.9510000000000005,0.4575163398692811,0.14297385620915032,12.5,12.0,120000.0,20000.0,2.0,5.0,0.01,0.58,1
52.0,1356,0.4487179487179487,0.14022435897435898,0.0,8.0,80000.0,0.0,0.0,6.0,0.01,0.58,3,34,0.0024752475247524753,-4.9510000000000005,0.4487179487179487,0.14022435897435898,0.0,8.0,80000.0,0.0,0.0,6.0,0.01,0.58,1
52.0,4143,0.4487179487179487,0.14022435897435898,0.0,25.0,400000.0,0.0,0.0,0.0,0.01,0.58,3,34,0.0024752475247524753,-4.9510000000000005,0.4487179487179487,0.14022435897435898,0.0,25.0,400000.0,0.0,0.0,0.0,0.01,0.58,1
52.0,4863,0.4487179487179487,0.14022435897435898,0.0,25.0,400000.0,0.0,0.0,5.0,0.01,0.58,3,34,0.0024752475247524753,-4.9510000000000005,0.4487179487179487,0.14022435897435898,0.0,25.0,400000.0,0.0,0.0,5.0,0.01,0.58,1
52.0,8824,0.4487179487179487,0.14022435897435898,0.0,12.0,120000.0,0.0,0.0,2.0,0.01,0.58,3,34,0.0024752475247524753,-4.9510000000000005,0.4487179487179487,0.14022435897435898,0.0,12.0,120000.0,0.0,0.0,2.0,0.01,0.58,1
52.0,11974,0.4487179487179487,0.14022435897435898,0.0,12.0,120000.0,0.0,0.0,1.0,0.01,0.58,3,34,0.0024752475247524753,-4.9510000000000005,0.4487179487179487,0.14022435897435898,0.0,12.0,120000.0,0.0,0.0,1.0,0.01,0.58,1
42.0,1351,0.0,0.0744047619047619,0.0,8.0,80000.0,0.0,0.0,6.0,0.5,0.8,2,9,0.0024752475247524753,-3.6253333333333333,0.445859872611465,0.1393312101910828,0.0,8.0,80000.0,0.0,0.0,6.0,0.01,0.58,1
53.0,2252,0.44025157232704404,0.3341194968553459,0.0,8.0,80000.0,0.0,0.0,5.0,0.01,0.58,2,11,0.0024752475247524753,-4.9795,0.44025157232704404,0.3341194968553459,0.0,8.0,80000.0,0.0,0.0,5.0,0.01,0.58,1
53.0,3420,0.44025157232704404,0.3341194968553459,0.0,25.0,400000.0,20000.0,1.0,2.0,0.01,0.58,2,11,0.0024752475247524753,-4.9795,0.44025157232704404,0.3341194968553459,0.0,25.0,400000.0,20000.0,1.0,2.0,0.01,0.58,1
53.0,5228,0.44025157232704404,0.3341194968553459,0.0,12.0,120000.0,20000.0,2.0,6.0,0.01,0.58,3,18,0.0024752475247524753,-4.9510000000000005,0.44025157232704404,0.3341194968553459,0.0,12.0,120000.0,20000.0,2.0,6.0,0.01,0.58,1
53.0,5676,0.44025157232704404,0.3341194968553459,12.5,12.0,120000.0,20000.0,2.0,2.0,0.01,0.58,3,18,0.0024752475247524753,-4.9510000000000005,0.44025157232704404,0.3341194968553459,12.5,12.0,120000.0,20000.0,2.0,2.0,0.01,0.58,1
53.0,7027,0.44025157232704404,0.3341194968553459,12.5,12.0,120000.0,20000.0,2.0,4.0,0.01,0.58,3,56,0.0024752475247524753,-4.9510000000000005,0.44025157232704404,0.3341194968553459,12.5,12.0,120000.0,20000.0,2.0,4.0,0.01,0.58,1
53.0,7475,0.44025157232704404,0.3341194968553459,12.5,12.0,120000.0,20000.0,2.0,2.0,0.01,0.58,3,56,0.0024752475247524753,-4.9510000000000005,0.44025157232704404,0.3341194968553459,12.5,12.0,120000.0,20000.0,2.0,2.0,0.01,0.58,1
53.0,7926,0.44025157232704404,0.3341194968553459,12.5,12.0,120000.0,20000.0,2.0,5.0,0.01,0.58,1,44,0.0024752475247524753,-4.9795,0.44025157232704404,0.3341194968553459,12.5,12.0,120000.0,20000.0,2.0,5.0,0.01,0.58,1
47.0,7923,0.425531914893617,0.11081560283687944,0.0,12.0,120000.0,20000.0,1.0,5.0,0.01,0.58,0,0,0.0024752475247524753,9.750082916666667,0.4401684386275976,0.3340564043155874,0.0,12.0,120000.0,20000.0,1.0,5.0,0.01,0.58,0
54.0,1357,0.43209876543209874,0.32793209876543206,0.0,8.0,80000.0,0.0,0.0,6.0,0.01,0.58,1,44,0.0024752475247524753,-4.9795,0.43209876543209874,0.32793209876543206,0.0,8.0,80000.0,0.0,0.0,6.0,0.01,0.58,1
54.0,3783,0.43209876543209874,0.32793209876543206,12.5,25.0,400000.0,20000.0,2.0,2.0,0.01,0.58,3,40,0.0024752475247524753,-4.9510000000000005,0.43209876543209874,0.32793209876543206,12.5,25.0,400000.0,20000.0,2.0,2.0,0.01,0.58,1
54.0,8825,0.43209876543209874,0.32793209876543206,0.0,12.0,120000.0,0.0,0.0,2.0,0.01,0.58,3,40,0.0024752475247524753,-4.9510000000000005,0.43209876543209874,0.32793209876543206,0.0,12.0,120000.0,0.0,0.0,2.0,0.01,0.58,1
54.0,11975,0.43209876543209874,0.32793209876543206,0.0,12.0,120000.0,0.0,0.0,1.0,0.01,0.58,3,40,0.0024752475247524753,-4.9510000000000005,0.43209876543209874,0.32793209876543206,0.0,12.0,120000.0,0.0,0.0,1.0,0.01,0.58,1
55.0,2253,0.4242424242424243,0.32196969696969696,0.0,8.0,80000.0,0.0,0.0,5.0,0.01,0.58,3,40,0.0024752475247524753,-4.9510000000000005,0.4242424242424243,0.32196969696969696,0.0,8.0,80000.0,0.0,0.0,5.0,0.01,0.58,1
55.0,4144,0.4242424242424243,0.32196969696969696,0.0,25.0,400000.0,0.0,0.0,0.0,0.01,0.58,2,25,0.0024752475247524753,-4.9795,0.4242424242424243,0.32196969696969696,0.0,25.0,400000.0,0.0,0.0,0.0,0.01,0.58,1
55.0,4864,0.4242424242424243,0.32196969696969696,0.0,25.0,400000.0,0.0,0.0,5.0,0.01,0.58,2,25,0.0024752475247524753,-4.9795,0.4242424242424243,0.32196969696969696,0.0,25.0,400000.0,0.0,0.0,5.0,0.01,0.58,1
55.0,5229,0.4242424242424243,0.32196969696969696,0.0,12.0,120000.0,20000.0,2.0,6.0,0.01,0.58,2,37,0.0024752475247524753,-4.9795,0.4242424242424243,0.32196969696969696,0.0,12.0,120000.0,20000.0,2.0,6.0,0.01,0.58,1
55.0,5677,0.4242424242424243,0.32196969696969696,12.5,12.0,120000.0,20000.0,2.0,2.0,0.01,0.58,2,37,0.0024752475247524753,-4.9795,0.4242424242424243,0.32196969696969696,12.5,12.0,120000.0,20000.0,2.0,2.0,0.01,0.58,1
55.0,7028,0.4242424242424243,0.32196969696969696,12.5,12.0,120000.0,20000.0,2.0,4.0,0.01,0.58,2,8,0.0024752475247524753,-4.9795,0.4242424242424243,0.32196969696969696,12.5,12.0,120000.0,20000.0,2.0,4.0,0.01,0.58,1
55.0,7476,0.4242424242424243,0.32196969696969696,12.5,12.0,120000.0,20000.0,2.0,3.0,0.01,0.58,2,8,0.0024752475247524753,-4.9795,0.4242424242424243,0.32196969696969696,12.5,12.0,120000.0,20000.0,2.0,3.0,0.01,0.58,1
55.0,7927,0.4242424242424243,0.32196969696969696,0.0,12.0,120000.0,20000.0,1.0,4.0,0.01,0.58,3,80,0.0024752475247524753,-4.9510000000000005,0.4242424242424243,0.32196969696969696,0.0,12.0,120000.0,20000.0,1.0,4.0,0.01,0.58,1
55.0,11520,0.4242424242424243,0.32196969696969696,0.0,12.0,120000.0,0.0,0.0,2.0,0.01,0.58,3,80,0.0024752475247524753,-4.9510000000000005,0.4242424242424243,0.32196969696969696,0.0,12.0,120000.0,0.0,0.0,2.0,0.01,0.58,1
49.0,5674,0.4761904761904762,0.10629251700680273,12.5,12.0,120000.0,20000.0,2.0,2.0,0.01,0.58,0,0,0.0024752475247524753,9.750082916666667,0.4241652261712611,0.32191110914783205,0.0,12.0,120000.0,20000.0,1.0,2.0,0.01,0.58,0
49.0,7025,0.4761904761904762,0.10629251700680273,12.5,12.0,120000.0,20000.0,2.0,4.0,0.01,0.58,0,0,0.0024752475247524753,9.750082916666667,0.4241652261712611,0.32191110914783205,0.0,12.0,120000.0,20000.0,1.0,4.0,0.01,0.58,0
56.0,1358,0.4166666666666667,0.3162202380952381,0.0,8.0,80000.0,0.0,0.0,6.0,0.01,0.58,3,80,0.0024752475247524753,-4.9510000000000005,0.4166666666666667,0.3162202380952381,0.0,8.0,80000.0,0.0,0.0,6.0,0.01,0.58,1
56.0,3421,0.4166666666666667,0.3162202380952381,0.0,25.0,400000.0,20000.0,1.0,2.0,0.01,0.58,2,12,0.0024752475247524753,-4.9795,0.4166666666666667,0.3162202380952381,0.0,25.0,400000.0,20000.0,1.0,2.0,0.01,0.58,1
56.0,8826,0.4166666666666667,0.3162202380952381,0.0,12.0,120000.0,0.0,0.0,2.0,0.01,0.58,2,12,0.0024752475247524753,-4.9795,0.4166666666666667,0.3162202380952381,0.0,12.0,120000.0,0.0,0.0,2.0,0.01,0.58,1
56.0,11976,0.4166666666666667,0.3162202380952381,0.0,12.0,120000.0,0.0,0.0,1.0,0.01,0.58,3,71,0.0024752475247524753,-4.9510000000000005,0.4166666666666667,0.3162202380952381,0.0,12.0,120000.0,0.0,0.0,1.0,0.01,0.58,1
57.0,2254,0.40935672514619886,0.31067251461988304,0.0,8.0,80000.0,0.0,0.0,5.0,0.01,0.58,3,71,0.0024752475247524753,-4.9510000000000005,0.40935672514619886,0.31067251461988304,0.0,8.0,80000.0,0.0,0.0,5.0,0.01,0.58,1
57.0,5678,0.40935672514619886,0.31067251461988304,0.0,12.0,120000.0,20000.0,1.0,2.0,0.01,0.58,3,18,0.0024752475247524753,-4.9510000000000005,0.40935672514619886,0.31067251461988304,0.0,12.0,120000.0,20000.0,1.0,2.0,0.01,0.58,1
57.0,7477,0.40935672514619886,0.31067251461988304,12.5,12.0,120000.0,20000.0,2.0,3.0,0.01,0.58,3,18,0.0024752475247524753,-4.9510000000000005,0.40935672514619886,0.31067251461988304,12.5,12.0,120000.0,20000.0,2.0,3.0,0.01,0.58,1
57.0,7928,0.40935672514619886,0.31067251461988304,0.0,12.0,120000.0,20000.0,1.0,4.0,0.01,0.58,3,99,0.0024752475247524753,-4.9510000000000005,0.40935672514619886,0.31067251461988304,0.0,12.0,120000.0,20000.0,1.0,4.0,0.01,0.58,1
57.0,9270,0.40935672514619886,0.31067251461988304,0.0,12.0,120000.0,0.0,0.0,7.0,0.01,0.58,3,99,0.0024752475247524753,-4.9510000000000005,0.40935672514619886,0.31067251461988304,0.0,12.0,120000.0,0.0,0.0,7.0,0.01,0.58,1
57.0,11521,0.40935672514619886,0.31067251461988304,0.0,12.0,120000.0,0.0,0.0,2.0,0.01,0.58,1,24,0.0024752475247524753,-4.9795,0.40935672514619886,0.31067251461988304,0.0,12.0,120000.0,0.0,0.0,2.0,0.01,0.58,1
51.0,7474,0.4575163398692811,0.14297385620915032,0.0,12.0,120000.0,20000.0,1.0,2.0,0.01,0.58,1,22,0.0024752475247524753,9.770082916666667,0.4092848489823687,0.31061796574554773,0.0,12.0,120000.0,20000.0,1.0,3.0,0.01,0.58,0
58.0,1359,0.40229885057471265,0.305316091954023,0.0,8.0,80000.0,0.0,0.0,6.0,0.01,0.58,1,24,0.0024752475247524753,-4.9795,0.40229885057471265,0.305316091954023,0.0,8.0,80000.0,0.0,0.0,6.0,0.01,0.58,1
58.0,4145,0.40229885057471265,0.305316091954023,0.0,25.0,400000.0,0.0,0.0,0.0,0.01,0.58,2,66,0.0024752475247524753,-4.9795,0.40229885057471265,0.305316091954023,0.0,25.0,400000.0,0.0,0.0,0.0,0.01,0.58,1
58.0,4865,0.40229885057471265,0.305316091954023,0.0,25.0,400000.0,0.0,0.0,5.0,0.01,0.58,2,66,0.0024752475247524753,-4.9795,0.40229885057471265,0.305316091954023,0.0,25.0,400000.0,0.0,0.0,5.0,0.01,0.58,1
58.0,8827,0.40229885057471265,0.305316091954023,0.0,12.0,120000.0,0.0,0.0,2.0,0.01,0.58,3,16,0.0024752475247524753,-4.9510000000000005,0.40229885057471265,0.305316091954023,0.0,12.0,120000.0,0.0,0.0,2.0,0.01,0.58,1
58.0,9720,0.40229885057471265,0.305316091954023,0.0,12.0,120000.0,0.0,0.0,2.0,0.01,0.58,3,16,0.0024752475247524753,-4.9510000000000005,0.40229885057471265,0.305316091954023,0.0,12.0,120000.0,0.0,0.0,2.0,0.01,0.58,1
58.0,11977,0.40229885057471265,0.305316091954023,0.0,12.0,120000.0,0.0,0.0,0.0,0.01,0.58,2,77,0.0024752475247524753,-4.9795,0.40229885057471265,0.305316091954023,0.0,12.0,120000.0,0.0,0.0,0.0,0.01,0.58,1
59.0,2255,0.39548022598870053,0.3001412429378531,0.0,8.0,80000.0,0.0,0.0,5.0,0.01,0.58,2,77,0.0024752475247524753,-4.9795,0.39548022598870053,0.3001412429378531,0.0,8.0,80000.0,0.0,0.0,5.0,0.01,0.58,1
59.0,3422,0.39548022598870053,0.3001412429378531,0.0,25.0,400000.0,20000.0,2.0,2.0,0.01,0.58,2,58,0.0024752475247524753,-4.9795,0.39548022598870053,0.3001412429378531,0.0,25.0,400000.0,20000.0,3.0,2.0,0.01,0.58,1
59.0,5231,0.39548022598870053,0.3001412429378531,12.5,12.0,120000.0,20000.0,3.0,7.0,0.01,0.58,2,58,0.0024752475247524753,-4.9795,0.39548022598870053,0.3001412429378531,12.5,12.0,120000.0,20000.0,3.0,7.0,0.01,0.58,1
59.0,5679,0.39548022598870053,0.3001412429378531,0.0,12.0,120000.0,20000.0,1.0,2.0,0.01,0.58,3,77,0.0024752475247524753,-4.9510000000000005,0.39548022598870053,0.3001412429378531,0.0,12.0,120000.0,20000.0,1.0,2.0,0.01,0.58,1
59.0,7030,0.39548022598870053,0.3001412429378531,12.5,12.0,120000.0,20000.0,2.0,5.0,0.01,0.58,3,77,0.0024752475247524753,-4.9510000000000005,0.39548022598870053,0.3001412429378531,12.5,12.0,120000.0,20000.0,2.0,5.0,0.01,0.58,1
59.0,9271,0.39548022598870053,0.3001412429378531,0.0,12.0,120000.0,0.0,0.0,7.0,0.01,0.58,1,19,0.0024752475247524753,-4.9795,0.39548022598870053,0.3001412429378531,0.0,12.0,120000.0,0.0,0.0,7.0,0.01,0.58,1
59.0,10620,0.39548022598870053,0.3001412429378531,0.0,12.0,120000.0,0.0,0.0,5.0,0.01,0.58,1,19,0.0024752475247524753,-4.9795,0.39548022598870053,0.3001412429378531,0.0,12.0,120000.0,0.0,0.0,5.0,0.01,0.58,1
59.0,11522,0.39548022598870053,0.3001412429378531,0.0,12.0,120000.0,0.0,0.0,2.0,0.01,0.58,1,10,0.0024752475247524753,-4.9795,0.39548022598870053,0.3001412429378531,0.0,12.0,120000.0,0.0,0.0,2.0,0.01,0.58,1
43.0,4140,0.11627906976744186,0.07267441860465117,0.0,25.0,400000.0,0.0,0.0,0.0,0.31,0.8,2,9,0.0024752475247524753,-5.313033533333334,0.39099585695204314,0.2967379271511042,0.0,25.0,400000.0,0.0,0.0,0.0,0.01,0.58,1
60.0,1360,0.3888888888888889,0.2951388888888889,0.0,8.0,80000.0,0.0,0.0,6.0,0.01,0.58,1,10,0.0024752475247524753,-4.9795,0.3888888888888889,0.2951388888888889,0.0,8.0,80000.0,0.0,0.0,6.0,0.01,0.58,1
60.0,3785,0.3888888888888889,0.2951388888888889,25.0,25.0,400000.0,20000.0,3.0,1.0,0.01,0.58,3,45,0.0024752475247524753,-4.946,0.3888888888888889,0.2951388888888889,25.0,25.0,400000.0,20000.0,3.0,1.0,0.01,0.58,1
60.0,8828,0.3888888888888889,0.2951388888888889,0.0,12.0,120000.0,0.0,0.0,2.0,0.01,0.58,3,45,0.0024752475247524753,-4.9510000000000005,0.3888888888888889,0.2951388888888889,0.0,12.0,120000.0,0.0,0.0,2.0,0.01,0.58,1
60.0,9721,0.3888888888888889,0.2951388888888889,0.0,12.0,120000.0,0.0,0.0,2.0,0.01,0.58,1,52,0.0024752475247524753,-4.9795,0.3888888888888889,0.2951388888888889,0.0,12.0,120000.0,0.0,0.0,2.0,0.01,0.58,1
60.0,11978,0.3888888888888889,0.2951388888888889,0.0,12.0,120000.0,0.0,0.0,0.0,0.01,0.58,3,52,0.0024752475247524753,-4.9510000000000005,0.3888888888888889,0.2951388888888889,0.0,12.0,120000.0,0.0,0.0,0.0,0.01,0.58,1
61.0,2256,0.3825136612021858,0.29030054644808745,0.0,8.0,80000.0,0.0,0.0,5.0,0.01,0.58,2,16,0.0024752475247524753,-4.9795,0.3825136612021858,0.29030054644808745,0.0,8.0,80000.0,0.0,0.0,5.0,0.01,0.58,1
61.0,4146,0.3825136612021858,0.29030054644808745,0.0,25.0,400000.0,0.0,0.0,0.0,0.01,0.58,2,16,0.0024752475247524753,-4.9795,0.3825136612021858,0.29030054644808745,0.0,25.0,400000.0,0.0,0.0,0.0,0.01,0.58,1
61.0,4866,0.3825136612021858,0.29030054644808745,0.0,25.0,400000.0,0.0,0.0,5.0,0.01,0.58,2,16,0.0024752475247524753,-4.9795,0.3825136612021858,0.29030054644808745,0.0,25.0,400000.0,0.0,0.0,5.0,0.01,0.58,1
61.0,5232,0.3825136612021858,0.29030054644808745,12.5,12.0,120000.0,20000.0,3.0,7.0,0.01,0.58,2,16,0.0024752475247524753,-4.9795,0.3825136612021858,0.29030054644808745,12.5,12.0,120000.0,20000.0,3.0,7.0,0.01,0.58,1
61.0,5680,0.3825136612021858,0.29030054644808745,0.0,12.0,120000.0,20000.0,1.0,2.0,0.01,0.58,3,52,0.0024752475247524753,-4.9510000000000005,0.3825136612021858,0.29030054644808745,0.0,12.0,120000.0,20000.0,1.0,2.0,0.01,0.58,1
61.0,7031,0.3825136612021858,0.29030054644808745,12.5,12.0,120000.0,20000.0,2.0,5.0,0.01,0.58,3,52,0.0024752475247524753,-4.9510000000000005,0.3825136612021858,0.29030054644808745,12.5,12.0,120000.0,20000.0,2.0,5.0,0.01,0.58,1
61.0,7479,0.3825136612021858,0.29030054644808745,12.5,12.0,120000.0,20000.0,2.0,5.0,0.01,0.58,3,46,0.0024752475247524753,-4.9510000000000005,0.3825136612021858,0.29030054644808745,12.5,12.0,120000.0,20000.0,2.0,5.0,0.01,0.58,1
61.0,7930,0.3825136612021858,0.29030054644808745,12.5,12.0,120000.0,20000.0,2.0,3.0,0.01,0.58,3,46,0.0024752475247524753,-4.9510000000000005,0.3825136612021858,0.29030054644808745,12.5,12.0,120000.0,20000.0,2.0,3.0,0.01,0.58,1
61.0,9272,0.3825136612021858,0.29030054644808745,0.0,12.0,120000.0,0.0,0.0,7.0,0.01,0.58,1,66,0.0024752475247524753,-4.9795,0.3825136612021858,0.29030054644808745,0.0,12.0,120000.0,0.0,0.0,7.0,0.01,0.58,1
61.0,10621,0.3825136612021858,0.29030054644808745,0.0,12.0,120000.0,0.0,0.0,4.0,0.01,0.58,1,66,0.0024752475247524753,-4.9795,0.3825136612021858,0.29030054644808745,0.0,12.0,120000.0,0.0,0.0,4.0,0.01,0.58,1
61.0,11523,0.3825136612021858,0.29030054644808745,0.0,12.0,120000.0,0.0,0.0,2.0,0.01,0.58,2,71,0.0024752475247524753,-4.9795,0.3825136612021858,0.29030054644808745,0.0,12.0,120000.0,0.0,0.0,2.0,0.01,0.58,1
62.0,1361,0.3763440860215054,0.2856182795698925,0.0,8.0,80000.0,0.0,0.0,6.0,0.01,0.58,2,71,0.0024752475247524753,-4.9795,0.3763440860215054,0.2856182795698925,0.0,8.0,80000.0,0.0,0.0,6.0,0.01,0.58,1
62.0,3423,0.3763440860215054,0.2856182795698925,0.0,25.0,400000.0,20000.0,3.0,2.0,0.01,0.58,2,26,0.0024752475247524753,-4.9795,0.3763440860215054,0.2856182795698925,0.0,25.0,400000.0,20000.0,3.0,2.0,0.01,0.58,1
62.0,8829,0.3763440860215054,0.2856182795698925,0.0,12.0,120000.0,0.0,0.0,2.0,0.01,0.58,2,26,0.0024752475247524753,-4.9795,0.3763440860215054,0.2856182795698925,0.0,12.0,120000.0,0.0,0.0,2.0,0.01,0.58,1
62.0,9722,0.3763440860215054,0.2856182795698925,0.0,12.0,120000.0,0.0,0.0,2.0,0.01,0.58,3,79,0.0024752475247524753,-4.9510000000000005,0.3763440860215054,0.2856182795698925,0.0,12.0,120000.0,0.0,0.0,2.0,0.01,0.58,1
62.0,11979,0.3763440860215054,0.2856182795698925,0.0,12.0,120000.0,0.0,0.0,0.0,0.01,0.58,2,14,0.0024752475247524753,-4.9795,0.3763440860215054,0.2856182795698925,0.0,12.0,120000.0,0.0,0.0,0.0,0.01,0.58,1
57.0,5230,0.40935672514619886,0.31067251461988304,0.0,12.0,120000.0,20000.0,2.0,6.0,0.01,0.58,0,0,0.0024752475247524753,9.7505,0.3703703703703704,0.28108465608465605,0.0,12.0,120000.0,20000.0,2.0,7.0,0.01,0.58,0
57.0,7029,0.40935672514619886,0.31067251461988304,0.0,12.0,120000.0,20000.0,1.0,4.0,0.01,0.58,0,0,0.0024752475247524753,9.7505,0.3703703703703704,0.28108465608465605,0.0,12.0,120000.0,20000.0,2.0,5.0,0.01,0.58,0
63.0,1800,0.3703703703703704,0.28108465608465605,0.0,8.0,80000.0,0.0,0.0,3.0,0.01,0.58,2,14,0.0024752475247524753,-4.9795,0.3703703703703704,0.28108465608465605,0.0,8.0,80000.0,0.0,0.0,3.0,0.01,0.58,1
63.0,2257,0.3703703703703704,0.28108465608465605,0.0,8.0,80000.0,0.0,0.0,5.0,0.01,0.58,3,3,0.0024752475247524753,-4.9510000000000005,0.3703703703703704,0.28108465608465605,0.0,8.0,80000.0,0.0,0.0,5.0,0.01,0.58,1
63.0,3786,0.3703703703703704,0.28108465608465605,25.0,25.0,400000.0,20000.0,3.0,1.0,0.01,0.58,3,3,0.0024752475247524753,-4.946,0.3703703703703704,0.28108465608465605,25.0,25.0,400000.0,20000.0,3.0,1.0,0.01,0.58,1
63.0,5233,0.3703703703703704,0.28108465608465605,0.0,12.0,120000.0,20000.0,2.0,7.0,0.01,0.58,2,3,0.0024752475247524753,-4.9795,0.3703703703703704,0.28108465608465605,0.0,12.0,120000.0,20000.0,2.0,7.0,0.01,0.58,1
63.0,5681,0.3703703703703704,0.28108465608465605,0.0,12.0,120000.0,20000.0,1.0,2.0,0.01,0.58,2,3,0.0024752475247524753,-4.9795,0.3703703703703704,0.28108465608465605,0.0,12.0,120000.0,20000.0,1.0,2.0,0.01,0.58,1
63.0,7032,0.3703703703703704,0.28108465608465605,0.0,12.0,120000.0,20000.0,1.0,5.0,0.01,0.58,2,45,0.0024752475247524753,-4.9795,0.3703703703703704,0.28108465608465605,0.0,12.0,120000.0,20000.0,2.0,5.0,0.01,0.58,1
63.0,7480,0.3703703703703704,0.28108465608465605,12.5,12.0,120000.0,20000.0,2.0,5.0,0.01,0.58,2,45,0.0024752475247524753,-4.9795,0.3703703703703704,0.28108465608465605,12.5,12.0,120000.0,20000.0,2.0,5.0,0.01,0.58,1
63.0,7931,0.3703703703703704,0.28108465608465605,12.5,12.0,120000.0,20000.0,2.0,3.0,0.01,0.58,1,42,0.0024752475247524753,-4.9795,0.3703703703703704,0.28108465608465605,12.5,12.0,120000.0,20000.0,2.0,3.0,0.01,0.58,1
63.0,9273,0.3703703703703704,0.28108465608465605,0.0,12.0,120000.0,0.0,0.0,7.0,0.01,0.58,1,42,0.0024752475247524753,-4.9795,0.3703703703703704,0.28108465608465605,0.0,12.0,120000.0,0.0,0.0,7.0,0.01,0.58,1
63.0,10622,0.3703703703703704,0.28108465608465605,0.0,12.0,120000.0,0.0,0.0,4.0,0.01,0.58,2,74,0.0024752475247524753,-4.9795,0.3703703703703704,0.28108465608465605,0.0,12.0,120000.0,0.0,0.0,4.0,0.01,0.58,1
63.0,11524,0.3703703703703704,0.28108465608465605,0.0,12.0,120000.0,0.0,0.0,2.0,0.01,0.58,2,74,0.0024752475247524753,-4.9795,0.3703703703703704,0.28108465608465605,0.0,12.0,120000.0,0.0,0.0,2.0,0.01,0.58,1
64.0,1362,0.3645833333333333,0.27669270833333337,0.0,8.0,80000.0,0.0,0.0,6.0,0.01,0.58,2,74,0.0024752475247524753,-4.9795,0.3645833333333333,0.27669270833333337,0.0,8.0,80000.0,0.0,0.0,6.0,0.01,0.58,1
64.0,4147,0.3645833333333333,0.27669270833333337,0.0,25.0,400000.0,0.0,0.0,1.0,0.01,0.58,2,74,0.0024752475247524753,-4.9795,0.3645833333333333,0.27669270833333337,0.0,25.0,400000.0,0.0,0.0,1.0,0.01,0.58,1
64.0,4867,0.3645833333333333,0.27669270833333337,0.0,25.0,400000.0,0.0,0.0,5.0,0.01,0.58,3,13,0.0024752475247524753,-4.9510000000000005,0.3645833333333333,0.27669270833333337,0.0,25.0,400000.0,0.0,0.0,5.0,0.01,0.58,1
64.0,8830,0.3645833333333333,0.27669270833333337,0.0,12.0,120000.0,0.0,0.0,2.0,0.01,0.58,3,13,0.0024752475247524753,-4.9510000000000005,0.3645833333333333,0.27669270833333337,0.0,12.0,120000.0,0.0,0.0,2.0,0.01,0.58,1
64.0,9723,0.3645833333333333,0.27669270833333337,0.0,12.0,120000.0,0.0,0.0,2.0,0.01,0.58,2,92,0.0024752475247524753,-4.9795,0.3645833333333333,0.27669270833333337,0.0,12.0,120000.0,0.0,0.0,2.0,0.01,0.58,1
64.0,11980,0.3645833333333333,0.27669270833333337,0.0,12.0,120000.0,0.0,0.0,0.0,0.01,0.58,2,92,0.0024752475247524753,-4.9795,0.3645833333333333,0.27669270833333337,0.0,12.0,120000.0,0.0,0.0,0.0,0.01,0.58,1
45.0,3780,0.33333333333333337,0.06944444444444445,0.0,25.0,400000.0,20000.0,1.0,2.0,0.01,0.58,1,5,0.0024752475247524753,9.62025,0.358974358974359,0.2724358974358974,12.5,25.0,400000.0,20000.0,2.0,1.0,0.01,0.58,0
59.0,7478,0.39548022598870053,0.3001412429378531,0.0,12.0,120000.0,20000.0,1.0,5.0,0.01,0.58,1,19,0.0024752475247524753,9.7705,0.358974358974359,0.2724358974358974,0.0,12.0,120000.0,20000.0,2.0,5.0,0.01,0.58,0
59.0,7929,0.39548022598870053,0.3001412429378531,0.0,12.0,120000.0,20000.0,1.0,3.0,0.01,0.58,1,19,0.0024752475247524753,9.7705,0.358974358974359,0.2724358974358974,0.0,12.0,120000.0,20000.0,1.0,3.0,0.01,0.58,0
65.0,1801,0.358974358974359,0.2724358974358974,0.0,8.0,80000.0,0.0,0.0,3.0,0.01,0.58,1,83,0.0024752475247524753,-4.9795,0.358974358974359,0.2724358974358974,0.0,8.0,80000.0,0.0,0.0,3.0,0.01,0.58,1
65.0,2258,0.358974358974359,0.2724358974358974,0.0,8.0,80000.0,0.0,0.0,5.0,0.01,0.58,1,83,0.0024752475247524753,-4.9795,0.358974358974359,0.2724358974358974,0.0,8.0,80000.0,0.0,0.0,5.0,0.01,0.58,1
65.0,3424,0.358974358974359,0.2724358974358974,0.0,25.0,400000.0,20000.0,3.0,2.0,0.01,0.58,2,5,0.0024752475247524753,-4.9795,0.358974358974359,0.2724358974358974,0.0,25.0,400000.0,20000.0,3.0,2.0,0.01,0.58,1
65.0,4500,0.358974358974359,0.2724358974358974,0.0,25.0,400000.0,20000.0,2.0,2.0,0.01,0.58,2,5,0.0024752475247524753,-4.9795,0.358974358974359,0.2724358974358974,0.0,25.0,400000.0,20000.0,2.0,2.0,0.01,0.58,1
65.0,5234,0.358974358974359,0.2724358974358974,0.0,12.0,120000.0,20000.0,2.0,7.0,0.01,0.58,1,10,0.0024752475247524753,-4.9795,0.358974358974359,0.2724358974358974,0.0,12.0,120000.0,20000.0,2.0,7.0,0.01,0.58,1
65.0,5682,0.358974358974359,0.2724358974358974,0.0,12.0,120000.0,20000.0,1.0,2.0,0.01,0.58,1,10,0.0024752475247524753,-4.9795,0.358974358974359,0.2724358974358974,0.0,12.0,120000.0,20000.0,1.0,2.0,0.01,0.58,1
65.0,7932,0.358974358974359,0.2724358974358974,0.0,12.0,120000.0,20000.0,1.0,3.0,0.01,0.58,3,28,0.0024752475247524753,-4.9510000000000005,0.358974358974359,0.2724358974358974,0.0,12.0,120000.0,20000.0,1.0,3.0,0.01,0.58,1
65.0,9274,0.358974358974359,0.2724358974358974,0.0,12.0,120000.0,0.0,0.0,7.0,0.01,0.58,3,28,0.0024752475247524753,-4.9510000000000005,0.358974358974359,0.2724358974358974,0.0,12.0,120000.0,0.0,0.0,7.0,0.01,0.58,1
65.0,10623,0.358974358974359,0.2724358974358974,0.0,12.0,120000.0,0.0,0.0,4.0,0.01,0.58,3,28,0.0024752475247524753,-4.9510000000000005,0.358974358974359,0.2724358974358974,0.0,12.0,120000.0,0.0,0.0,4.0,0.01,0.58,1
65.0,11525,0.358974358974359,0.2724358974358974,0.0,12.0,120000.0,0.0,0.0,2.0,0.01,0.58,3,28,0.0024752475247524753,-4.9510000000000005,0.358974358974359,0.2724358974358974,0.0,12.0,120000.0,0.0,0.0,2.0,0.01,0.58,1
66.0,1363,0.35353535353535354,0.2683080808080808,0.0,8.0,80000.0,0.0,0.0,6.0,0.01,0.58,3,59,0.0024752475247524753,-4.9510000000000005,0.35353535353535354,0.2683080808080808,0.0,8.0,80000.0,0.0,0.0,6.0,0.01,0.58,1
66.0,3787,0.35353535353535354,0.2683080808080808,12.5,25.0,400000.0,20000.0,2.0,1.0,0.01,0.58,3,59,0.0024752475247524753,-4.9510000000000005,0.35353535353535354,0.2683080808080808,12.5,25.0,400000.0,20000.0,2.0,1.0,0.01,0.58,1
66.0,8831,0.35353535353535354,0.2683080808080808,0.0,12.0,120000.0,0.0,0.0,2.0,0.01,0.58,3,98,0.0024752475247524753,-4.9510000000000005,0.35353535353535354,0.2683080808080808,0.0,12.0,120000.0,0.0,0.0,2.0,0.01,0.58,1
66.0,9724,0.35353535353535354,0.2683080808080808,0.0,12.0,120000.0,0.0,0.0,2.0,0.01,0.58,3,98,0.0024752475247524753,-4.9510000000000005,0.35353535353535354,0.2683080808080808,0.0,12.0,120000.0,0.0,0.0,2.0,0.01,0.58,1
66.0,11981,0.35353535353535354,0.2683080808080808,0.0,12.0,120000.0,0.0,0.0,0.0,0.01,0.58,2,65,0.0024752475247524753,-4.9795,0.35353535353535354,0.2683080808080808,0.0,12.0,120000.0,0.0,0.0,0.0,0.01,0.58,1
67.0,1802,0.3482587064676617,0.2643034825870647,0.0,8.0,80000.0,0.0,0.0,3.0,0.01,0.58,2,65,0.0024752475247524753,-4.9795,0.3482587064676617,0.2643034825870647,0.0,8.0,80000.0,0.0,0.0,3.0,0.01,0.58,1
67.0,2259,0.3482587064676617,0.2643034825870647,0.0,8.0,80000.0,0.0,0.0,5.0,0.01,0.58,2,65,0.0024752475247524753,-4.9795,0.3482587064676617,0.2643034825870647,0.0,8.0,80000.0,0.0,0.0,5.0,0.01,0.58,1
67.0,4148,0.3482587064676617,0.2643034825870647,0.0,25.0,400000.0,0.0,0.0,1.0,0.01,0.58,2,65,0.0024752475247524753,-4.9795,0.3482587064676617,0.2643034825870647,0.0,25.0,400000.0,0.0,0.0,1.0,0.01,0.58,1
67.0,4868,0.3482587064676617,0.2643034825870647,0.0,25.0,400000.0,0.0,0.0,5.0,0.01,0.58,2,53,0.0024752475247524753,-4.9795,0.3482587064676617,0.2643034825870647,0.0,25.0,400000.0,0.0,0.0,5.0,0.01,0.58,1
67.0,5235,0.3482587064676617,0.2643034825870647,0.0,12.0,120000.0,20000.0,2.0,7.0,0.01,0.58,2,53,0.0024752475247524753,-4.9795,0.3482587064676617,0.2643034825870647,0.0,12.0,120000.0,20000.0,2.0,7.0,0.01,0.58,1
67.0,5683,0.3482587064676617,0.2643034825870647,0.0,12.0,120000.0,20000.0,1.0,2.0,0.01,0.58,3,53,0.0024752475247524753,-4.9510000000000005,0.3482587064676617,0.2643034825870647,0.0,12.0,120000.0,20000.0,1.0,2.0,0.01,0.58,1
67.0,7034,0.3482587064676617,0.2643034825870647,12.5,12.0,120000.0,20000.0,3.0,5.0,0.01,0.58,3,53,0.0024752475247524753,-4.9510000000000005,0.3482587064676617,0.2643034825870647,12.5,12.0,120000.0,20000.0,3.0,5.0,0.01,0.58,1
67.0,9275,0.3482587064676617,0.2643034825870647,0.0,12.0,120000.0,0.0,0.0,7.0,0.01,0.58,2,72,0.0024752475247524753,-4.9795,0.3482587064676617,0.2643034825870647,0.0,12.0,120000.0,0.0,0.0,7.0,0.01,0.58,1
67.0,10624,0.3482587064676617,0.2643034825870647,0.0,12.0,120000.0,0.0,0.0,4.0,0.01,0.58,2,72,0.0024752475247524753,-4.9795,0.3482587064676617,0.2643034825870647,0.0,12.0,120000.0,0.0,0.0,4.0,0.01,0.58,1
67.0,11526,0.3482587064676617,0.2643034825870647,0.0,12.0,120000.0,0.0,0.0,2.0,0.01,0.58,2,23,0.0024752475247524753,-4.9795,0.3482587064676617,0.2643034825870647,0.0,12.0,120000.0,0.0,0.0,2.0,0.01,0.58,1
67.0,12420,0.3482587064676617,0.2643034825870647,0.0,12.0,120000.0,0.0,0.0,4.0,0.01,0.58,2,23,0.0024752475247524753,-4.9795,0.3482587064676617,0.2643034825870647,0.0,12.0,120000.0,0.0,0.0,4.0,0.01,0.58,1
68.0,1364,0.3431372549019608,0.26041666666666663,0.0,8.0,80000.0,0.0,0.0,6.0,0.01,0.58,1,96,0.0024752475247524753,-4.9795,0.3431372549019608,0.26041666666666663,0.0,8.0,80000.0,0.0,0.0,6.0,0.01,0.58,1
68.0,3425,0.3431372549019608,0.26041666666666663,0.0,25.0,400000.0,20000.0,3.0,2.0,0.01,0.58,1,21,0.0024752475247524753,-4.9795,0.3431372549019608,0.26041666666666663,0.0,25.0,400000.0,20000.0,3.0,2.0,0.01,0.58,1
68.0,4501,0.3431372549019608,0.26041666666666663,0.0,25.0,400000.0,20000.0,2.0,3.0,0.01,0.58,1,21,0.0024752475247524753,-4.9795,0.3431372549019608,0.26041666666666663,0.0,25.0,400000.0,20000.0,2.0,3.0,0.01,0.58,1
68.0,8832,0.3431372549019608,0.26041666666666663,0.0,12.0,120000.0,0.0,0.0,3.0,0.01,0.58,3,61,0.0024752475247524753,-4.9510000000000005,0.3431372549019608,0.26041666666666663,0.0,12.0,120000.0,0.0,0.0,3.0,0.01,0.58,1
68.0,9725,0.3431372549019608,0.26041666666666663,0.0,12.0,120000.0,0.0,0.0,3.0,0.01,0.58,3,61,0.0024752475247524753,-4.9510000000000005,0.3431372549019608,0.26041666666666663,0.0,12.0,120000.0,0.0,0.0,3.0,0.01,0.58,1
68.0,11982,0.3431372549019608,0.26041666666666663,0.0,12.0,120000.0,0.0,0.0,0.0,0.01,0.58,3,64,0.0024752475247524753,-4.9510000000000005,0.3431372549019608,0.26041666666666663,0.0,12.0,120000.0,0.0,0.0,0.0,0.01,0.58,1
69.0,1803,0.33816425120772947,0.2566425120772947,0.0,8.0,80000.0,0.0,0.0,3.0,0.01,0.58,3,64,0.0024752475247524753,-4.9510000000000005,0.33816425120772947,0.2566425120772947,0.0,8.0,80000.0,0.0,0.0,3.0,0.01,0.58,1
69.0,2260,0.33816425120772947,0.2566425120772947,0.0,8.0,80000.0,0.0,0.0,5.0,0.01,0.58,3,64,0.0024752475247524753,-4.9510000000000005,0.33816425120772947,0.2566425120772947,0.0,8.0,80000.0,0.0,0.0,5.0,0.01,0.58,1
69.0,3788,0.33816425120772947,0.2566425120772947,12.5,25.0,400000.0,20000.0,2.0,0.0,0.01,0.58,3,64,0.0024752475247524753,-4.9510000000000005,0.33816425120772947,0.2566425120772947,12.5,25.0,400000.0,20000.0,2.0,0.0,0.01,0.58,1
69.0,7035,0.33816425120772947,0.2566425120772947,12.5,12.0,120000.0,20000.0,3.0,5.0,0.01,0.58,3,6,0.0024752475247524753,-4.9510000000000005,0.33816425120772947,0.2566425120772947,12.5,12.0,120000.0,20000.0,3.0,5.0,0.01,0.58,1
69.0,7483,0.33816425120772947,0.2566425120772947,25.0,12.0,120000.0,20000.0,3.0,3.0,0.01,0.58,3,6,0.0024752475247524753,-4.946,0.33816425120772947,0.2566425120772947,25.0,12.0,120000.0,20000.0,3.0,3.0,0.01,0.58,1
69.0,7934,0.33816425120772947,0.2566425120772947,12.5,12.0,120000.0,20000.0,2.0,3.0,0.01,0.58,1,19,0.0024752475247524753,-4.9795,0.33816425120772947,0.2566425120772947,12.5,12.0,120000.0,20000.0,2.0,3.0,0.01,0.58,1
69.0,9276,0.33816425120772947,0.2566425120772947,0.0,12.0,120000.0,0.0,0.0,7.0,0.01,0.58,1,19,0.0024752475247524753,-4.9795,0.33816425120772947,0.2566425120772947,0.0,12.0,120000.0,0.0,0.0,7.0,0.01,0.58,1
69.0,10625,0.33816425120772947,0.2566425120772947,0.0,12.0,120000.0,0.0,0.0,5.0,0.01,0.58,2,20,0.0024752475247524753,-4.9795,0.33816425120772947,0.2566425120772947,0.0,12.0,120000.0,0.0,0.0,5.0,0.01,0.58,1
69.0,11527,0.33816425120772947,0.2566425120772947,0.0,12.0,120000.0,0.0,0.0,2.0,0.01,0.58,2,20,0.0024752475247524753,-4.9795,0.33816425120772947,0.2566425120772947,0.0,12.0,120000.0,0.0,0.0,2.0,0.01,0.58,1
69.0,12421,0.33816425120772947,0.2566425120772947,0.0,12.0,120000.0,0.0,0.0,4.0,0.01,0.58,2,6,0.0024752475247524753,-4.9795,0.33816425120772947,0.2566425120772947,0.0,12.0,120000.0,0.0,0.0,4.0,0.01,0.58,1
70.0,1365,0.33333333333333337,0.25297619047619047,0.0,8.0,80000.0,0.0,0.0,6.0,0.01,0.58,2,6,0.0024752475247524753,-4.9795,0.33333333333333337,0.25297619047619047,0.0,8.0,80000.0,0.0,0.0,6.0,0.01,0.58,1
70.0,4149,0.33333333333333337,0.25297619047619047,0.0,25.0,400000.0,0.0,0.0,1.0,0.01,0.58,2,95,0.0024752475247524753,-4.9795,0.33333333333333337,0.25297619047619047,0.0,25.0,400000.0,0.0,0.0,1.0,0.01,0.58,1
70.0,4869,0.33333333333333337,0.25297619047619047,0.0,25.0,400000.0,0.0,0.0,5.0,0.01,0.58,2,95,0.0024752475247524753,-4.9795,0.33333333333333337,0.25297619047619047,0.0,25.0,400000.0,0.0,0.0,5.0,0.01,0.58,1
70.0,8833,0.33333333333333337,0.25297619047619047,0.0,12.0,120000.0,0.0,0.0,3.0,0.01,0.58,1,95,0.0024752475247524753,-4.9795,0.33333333333333337,0.25297619047619047,0.0,12.0,120000.0,0.0,0.0,3.0,0.01,0.58,1
70.0,9726,0.33333333333333337,0.25297619047619047,0.0,12.0,120000.0,0.0,0.0,3.0,0.01,0.58,1,95,0.0024752475247524753,-4.9795,0.33333333333333337,0.25297619047619047,0.0,12.0,120000.0,0.0,0.0,3.0,0.01,0.58,1
70.0,11983,0.33333333333333337,0.25297619047619047,0.0,12.0,120000.0,0.0,0.0,1.0,0.01,0.58,2,65,0.0024752475247524753,-4.9795,0.33333333333333337,0.25297619047619047,0.0,12.0,120000.0,0.0,0.0,1.0,0.01,0.58,1
65.0,7033,0.358974358974359,0.2724358974358974,0.0,12.0,120000.0,20000.0,2.0,5.0,0.01,0.58,0,0,0.0024752475247524753,9.7505,0.32863849765258213,0.2494131455399061,0.0,12.0,120000.0,20000.0,3.0,5.0,0.01,0.58,0
71.0,1804,0.32863849765258213,0.2494131455399061,0.0,8.0,80000.0,0.0,0.0,3.0,0.01,0.58,2,65,0.0024752475247524753,-4.9795,0.32863849765258213,0.2494131455399061,0.0,8.0,80000.0,0.0,0.0,3.0,0.01,0.58,1
71.0,2261,0.32863849765258213,0.2494131455399061,0.0,8.0,80000.0,0.0,0.0,5.0,0.01,0.58,2,69,0.0024752475247524753,-4.9795,0.32863849765258213,0.2494131455399061,0.0,8.0,80000.0,0.0,0.0,5.0,0.01,0.58,1
71.0,3426,0.32863849765258213,0.2494131455399061,0.0,25.0,400000.0,20000.0,3.0,2.0,0.01,0.58,2,69,0.0024752475247524753,-4.9795,0.32863849765258213,0.2494131455399061,0.0,25.0,400000.0,20000.0,3.0,2.0,0.01,0.58,1
71.0,5237,0.32863849765258213,0.2494131455399061,12.5,12.0,120000.0,20000.0,3.0,6.0,0.01,0.58,2,1,0.0024752475247524753,-4.98,0.32863849765258213,0.2494131455399061,12.5,12.0,120000.0,20000.0,3.0,6.0,0.0,0.58,1
71.0,7484,0.32863849765258213,0.2494131455399061,25.0,12.0,120000.0,20000.0,3.0,3.0,0.01,0.58,1,74,0.0024752475247524753,-4.975,0.32863849765258213,0.2494131455399061,25.0,12.0,120000.0,20000.0,3.0,3.0,0.0,0.58,1
71.0,7935,0.32863849765258213,0.2494131455399061,12.5,12.0,120000.0,20000.0,2.0,3.0,0.01,0.58,1,74,0.0024752475247524753,-4.98,0.32863849765258213,0.2494131455399061,12.5,12.0,120000.0,20000.0,2.0,3.0,0.0,0.58,1
71.0,9277,0.32863849765258213,0.2494131455399061,0.0,12.0,120000.0,0.0,0.0,7.0,0.01,0.58,3,77,0.0024752475247524753,-4.9510000000000005,0.32863849765258213,0.2494131455399061,0.0,12.0,120000.0,0.0,0.0,7.0,0.0,0.58,1
71.0,10626,0.32863849765258213,0.2494131455399061,0.0,12.0,120000.0,0.0,0.0,5.0,0.01,0.58,3,77,0.0024752475247524753,-4.9510000000000005,0.32863849765258213,0.2494131455399061,0.0,12.0,120000.0,0.0,0.0,5.0,0.0,0.58,1
71.0,11528,0.32863849765258213,0.2494131455399061,0.0,12.0,120000.0,0.0,0.0,2.0,0.01,0.58,2,78,0.0024752475247524753,-4.98,0.32863849765258213,0.2494131455399061,0.0,12.0,120000.0,0.0,0.0,2.0,0.0,0.58,1
71.0,12422,0.32863849765258213,0.2494131455399061,0.0,12.0,120000.0,0.0,0.0,4.0,0.01,0.58,2,78,0.0024752475247524753,-4.98,0.32863849765258213,0.2494131455399061,0.0,12.0,120000.0,0.0,0.0,4.0,0.0,0.58,1
65.0,7481,0.358974358974359,0.2724358974358974,0.0,12.0,120000.0,20000.0,1.0,5.0,0.01,0.58,0,0,0.0024752475247524753,9.749332916666667,0.32859217078456027,0.24937798675613954,12.5,12.0,120000.0,20000.0,2.0,3.0,0.0,0.58,0
72.0,1366,0.32407407407407407,0.24594907407407407,0.0,8.0,80000.0,0.0,0.0,6.0,0.0,0.58,3,6,0.0024752475247524753,-4.9510000000000005,0.32407407407407407,0.24594907407407407,0.0,8.0,80000.0,0.0,0.0,6.0,0.0,0.58,1
72.0,3789,0.32407407407407407,0.24594907407407407,12.5,25.0,400000.0,20000.0,2.0,0.0,0.0,0.58,3,6,0.0024752475247524753,-4.9510000000000005,0.32407407407407407,0.24594907407407407,12.5,25.0,400000.0,20000.0,2.0,0.0,0.0,0.58,1
72.0,8834,0.32407407407407407,0.24594907407407407,0.0,12.0,120000.0,0.0,0.0,3.0,0.0,0.58,1,25,0.0024752475247524753,-4.98,0.32407407407407407,0.24594907407407407,0.0,12.0,120000.0,0.0,0.0,3.0,0.0,0.58,1
72.0,9727,0.32407407407407407,0.24594907407407407,0.0,12.0,120000.0,0.0,0.0,3.0,0.0,0.58,1,25,0.0024752475247524753,-4.98,0.32407407407407407,0.24594907407407407,0.0,12.0,120000.0,0.0,0.0,3.0,0.0,0.58,1
72.0,11984,0.32407407407407407,0.24594907407407407,0.0,12.0,120000.0,0.0,0.0,1.0,0.0,0.58,1,70,0.0024752475247524753,-4.98025,0.32407407407407407,0.24594907407407407,0.0,12.0,120000.0,0.0,0.0,1.0,0.0,0.58,1
67.0,7933,0.3482587064676617,0.2643034825870647,0.0,12.0,120000.0,20000.0,1.0,3.0,0.01,0.58,0,0,0.0024752475247524753,9.75,0.31963470319634707,0.24257990867579907,0.0,12.0,120000.0,20000.0,3.0,3.0,0.0,0.58,0
73.0,1805,0.31963470319634707,0.24257990867579907,0.0,8.0,80000.0,0.0,0.0,3.0,0.0,0.58,1,70,0.0024752475247524753,-4.98,0.31963470319634707,0.24257990867579907,0.0,8.0,80000.0,0.0,0.0,3.0,0.0,0.58,1
73.0,2262,0.31963470319634707,0.24257990867579907,0.0,8.0,80000.0,0.0,0.0,5.0,0.0,0.58,1,70,0.0024752475247524753,-4.98,0.31963470319634707,0.24257990867579907,0.0,8.0,80000.0,0.0,0.0,5.0,0.0,0.58,1
73.0,4150,0.31963470319634707,0.24257990867579907,0.0,25.0,400000.0,0.0,0.0,1.0,0.0,0.58,1,70,0.0024752475247524753,-4.98025,0.31963470319634707,0.24257990867579907,0.0,25.0,400000.0,0.0,0.0,1.0,0.0,0.58,1
73.0,4870,0.31963470319634707,0.24257990867579907,0.0,25.0,400000.0,0.0,0.0,5.0,0.0,0.58,1,70,0.0024752475247524753,-4.98,0.31963470319634707,0.24257990867579907,0.0,25.0,400000.0,0.0,0.0,5.0,0.0,0.58,1
73.0,5238,0.31963470319634707,0.24257990867579907,12.5,12.0,120000.0,20000.0,3.0,4.0,0.0,0.58,1,70,0.0024752475247524753,-4.98,0.31963470319634707,0.24257990867579907,12.5,12.0,120000.0,20000.0,3.0,4.0,0.0,0.58,1
73.0,5686,0.31963470319634707,0.24257990867579907,25.0,12.0,120000.0,20000.0,3.0,2.0,0.0,0.58,3,95,0.0024752475247524753,-4.946,0.31963470319634707,0.24257990867579907,25.0,12.0,120000.0,20000.0,3.0,2.0,0.0,0.58,1
73.0,7037,0.31963470319634707,0.24257990867579907,12.5,12.0,120000.0,20000.0,3.0,4.0,0.0,0.58,3,95,0.0024752475247524753,-4.9510000000000005,0.31963470319634707,0.24257990867579907,12.5,12.0,120000.0,20000.0,3.0,4.0,0.0,0.58,1
73.0,9278,0.31963470319634707,0.24257990867579907,0.0,12.0,120000.0,0.0,0.0,7.0,0.0,0.58,1,65,0.0024752475247524753,-4.98,0.31963470319634707,0.24257990867579907,0.0,12.0,120000.0,0.0,0.0,7.0,0.0,0.58,1
73.0,10627,0.31963470319634707,0.24257990867579907,0.0,12.0,120000.0,0.0,0.0,5.0,0.0,0.58,1,65,0.0024752475247524753,-4.98,0.31963470319634707,0.24257990867579907,0.0,12.0,120000.0,0.0,0.0,5.0,0.0,0.58,1
73.0,11529,0.31963470319634707,0.24257990867579907,0.0,12.0,120000.0,0.0,0.0,2.0,0.0,0.58,1,65,0.0024752475247524753,-4.98,0.31963470319634707,0.24257990867579907,0.0,12.0,120000.0,0.0,0.0,2.0,0.0,0.58,1
73.0,12423,0.31963470319634707,0.24257990867579907,0.0,12.0,120000.0,0.0,0.0,4.0,0.0,0.58,1,65,0.0024752475247524753,-4.98,0.31963470319634707,0.24257990867579907,0.0,12.0,120000.0,0.0,0.0,4.0,0.0,0.58,1
67.0,7482,0.3482587064676617,0.2643034825870647,12.5,12.0,120000.0,20000.0,2.0,4.0,0.01,0.58,0,0,0.0024752475247524753,9.749332916666667,0.31959087984419304,0.24254664988175365,12.5,12.0,120000.0,20000.0,2.0,3.0,0.0,0.58,0
74.0,1367,0.3153153153153153,0.23930180180180177,0.0,8.0,80000.0,0.0,0.0,5.0,0.0,0.58,2,64,0.0024752475247524753,-4.98,0.3153153153153153,0.23930180180180177,0.0,8.0,80000.0,0.0,0.0,5.0,0.0,0.58,1
74.0,3427,0.3153153153153153,0.23930180180180177,0.0,25.0,400000.0,20000.0,3.0,2.0,0.0,0.58,2,64,0.0024752475247524753,-4.98,0.3153153153153153,0.23930180180180177,0.0,25.0,400000.0,20000.0,3.0,2.0,0.0,0.58,1
74.0,4503,0.3153153153153153,0.23930180180180177,0.0,25.0,400000.0,20000.0,3.0,3.0,0.0,0.58,2,77,0.0024752475247524753,-4.98,0.3153153153153153,0.23930180180180177,0.0,25.0,400000.0,20000.0,3.0,3.0,0.0,0.58,1
74.0,6570,0.3153153153153153,0.23930180180180177,0.0,12.0,120000.0,20000.0,3.0,5.0,0.0,0.58,2,77,0.0024752475247524753,-4.98,0.3153153153153153,0.23930180180180177,0.0,12.0,120000.0,20000.0,3.0,5.0,0.0,0.58,1
74.0,8835,0.3153153153153153,0.23930180180180177,0.0,12.0,120000.0,0.0,0.0,3.0,0.0,0.58,3,97,0.0024752475247524753,-4.9510000000000005,0.3153153153153153,0.23930180180180177,0.0,12.0,120000.0,0.0,0.0,3.0,0.0,0.58,1
74.0,9728,0.3153153153153153,0.23930180180180177,0.0,12.0,120000.0,0.0,0.0,3.0,0.0,0.58,3,97,0.0024752475247524753,-4.9510000000000005,0.3153153153153153,0.23930180180180177,0.0,12.0,120000.0,0.0,0.0,3.0,0.0,0.58,1
74.0,11985,0.3153153153153153,0.23930180180180177,0.0,12.0,120000.0,0.0,0.0,1.0,0.0,0.58,1,69,0.0024752475247524753,-4.98025,0.3153153153153153,0.23930180180180177,0.0,12.0,120000.0,0.0,0.0,1.0,0.0,0.58,1
69.0,5236,0.33816425120772947,0.2566425120772947,0.0,12.0,120000.0,20000.0,2.0,6.0,0.01,0.58,0,0,0.0024752475247524753,9.75,0.3111111111111111,0.2361111111111111,0.0,12.0,120000.0,20000.0,3.0,5.0,0.0,0.58,0
69.0,5684,0.33816425120772947,0.2566425120772947,0.0,12.0,120000.0,20000.0,1.0,2.0,0.01,0.58,0,0,0.0024752475247524753,9.74975,0.3111111111111111,0.2361111111111111,12.5,12.0,120000.0,20000.0,3.0,2.0,0.0,0.58,0
75.0,1806,0.3111111111111111,0.2361111111111111,0.0,8.0,80000.0,0.0,0.0,4.0,0.0,0.58,1,69,0.0024752475247524753,-4.98,0.3111111111111111,0.2361111111111111,0.0,8.0,80000.0,0.0,0.0,4.0,0.0,0.58,1
75.0,2263,0.3111111111111111,0.2361111111111111,0.0,8.0,80000.0,0.0,0.0,5.0,0.0,0.58,1,69,0.0024752475247524753,-4.98,0.3111111111111111,0.2361111111111111,0.0,8.0,80000.0,0.0,0.0,5.0,0.0,0.58,1
75.0,7937,0.3111111111111111,0.2361111111111111,12.5,12.0,120000.0,20000.0,4.0,3.0,0.0,0.58,2,70,0.0024752475247524753,-4.98,0.3111111111111111,0.2361111111111111,12.5,12.0,120000.0,20000.0,4.0,3.0,0.0,0.58,1
75.0,9279,0.3111111111111111,0.2361111111111111,0.0,12.0,120000.0,0.0,0.0,7.0,0.0,0.58,2,70,0.0024752475247524753,-4.98,0.3111111111111111,0.2361111111111111,0.0,12.0,120000.0,0.0,0.0,7.0,0.0,0.58,1
75.0,10628,0.3111111111111111,0.2361111111111111,0.0,12.0,120000.0,0.0,0.0,4.0,0.0,0.58,2,35,0.0024752475247524753,-4.98,0.3111111111111111,0.2361111111111111,0.0,12.0,120000.0,0.0,0.0,4.0,0.0,0.58,1
75.0,11530,0.3111111111111111,0.2361111111111111,0.0,12.0,120000.0,0.0,0.0,2.0,0.0,0.58,2,35,0.0024752475247524753,-4.98,0.3111111111111111,0.2361111111111111,0.0,12.0,120000.0,0.0,0.0,2.0,0.0,0.58,1
75.0,12424,0.3111111111111111,0.2361111111111111,0.0,12.0,120000.0,0.0,0.0,4.0,0.0,0.58,2,35,0.0024752475247524753,-4.98,0.3111111111111111,0.2361111111111111,0.0,12.0,120000.0,0.0,0.0,4.0,0.0,0.58,1
76.0,1368,0.30701754385964913,0.23300438596491227,0.0,8.0,80000.0,0.0,0.0,5.0,0.0,0.58,2,35,0.0024752475247524753,-4.98,0.30701754385964913,0.23300438596491227,0.0,8.0,80000.0,0.0,0.0,5.0,0.0,0.58,1
76.0,4151,0.30701754385964913,0.23300438596491227,0.0,25.0,400000.0,0.0,0.0,1.0,0.0,0.58,2,35,0.0024752475247524753,-4.98,0.30701754385964913,0.23300438596491227,0.0,25.0,400000.0,0.0,0.0,1.0,0.0,0.58,1
76.0,4871,0.30701754385964913,0.23300438596491227,0.0,25.0,400000.0,0.0,0.0,5.0,0.0,0.58,2,35,0.0024752475247524753,-4.98,0.30701754385964913,0.23300438596491227,0.0,25.0,400000.0,0.0,0.0,5.0,0.0,0.58,1
76.0,8836,0.30701754385964913,0.23300438596491227,0.0,12.0,120000.0,0.0,0.0,3.0,0.0,0.58,2,35,0.0024752475247524753,-4.98,0.30701754385964913,0.23300438596491227,0.0,12.0,120000.0,0.0,0.0,3.0,0.0,0.58,1
76.0,9729,0.30701754385964913,0.23300438596491227,0.0,12.0,120000.0,0.0,0.0,3.0,0.0,0.58,1,37,0.0024752475247524753,-4.98,0.30701754385964913,0.23300438596491227,0.0,12.0,120000.0,0.0,0.0,3.0,0.0,0.58,1
76.0,11986,0.30701754385964913,0.23300438596491227,0.0,12.0,120000.0,0.0,0.0,1.0,0.0,0.58,1,37,0.0024752475247524753,-4.98025,0.30701754385964913,0.23300438596491227,0.0,12.0,120000.0,0.0,0.0,1.0,0.0,0.58,1
77.0,1807,0.30303030303030304,0.229978354978355,0.0,8.0,80000.0,0.0,0.0,4.0,0.0,0.58,2,37,0.0024752475247524753,-4.98,0.30303030303030304,0.229978354978355,0.0,8.0,80000.0,0.0,0.0,4.0,0.0,0.58,1
77.0,2264,0.30303030303030304,0.229978354978355,0.0,8.0,80000.0,0.0,0.0,5.0,0.0,0.58,3,57,0.0024752475247524753,-4.9510000000000005,0.30303030303030304,0.229978354978355,0.0,8.0,80000.0,0.0,0.0,5.0,0.0,0.58,1
77.0,3428,0.30303030303030304,0.229978354978355,0.0,25.0,400000.0,20000.0,3.0,2.0,0.0,0.58,3,57,0.0024752475247524753,-4.9510000000000005,0.30303030303030304,0.229978354978355,0.0,25.0,400000.0,20000.0,4.0,2.0,0.0,0.58,1
77.0,4504,0.30303030303030304,0.229978354978355,0.0,25.0,400000.0,20000.0,3.0,3.0,0.0,0.58,2,85,0.0024752475247524753,-4.98,0.30303030303030304,0.229978354978355,0.0,25.0,400000.0,20000.0,3.0,3.0,0.0,0.58,1
77.0,5240,0.30303030303030304,0.229978354978355,12.5,12.0,120000.0,20000.0,3.0,6.0,0.0,0.58,2,85,0.0024752475247524753,-4.98,0.30303030303030304,0.229978354978355,12.5,12.0,120000.0,20000.0,3.0,6.0,0.0,0.58,1
77.0,5688,0.30303030303030304,0.229978354978355,25.0,12.0,120000.0,20000.0,3.0,2.0,0.0,0.58,2,9,0.0024752475247524753,-4.975,0.30303030303030304,0.229978354978355,25.0,12.0,120000.0,20000.0,3.0,2.0,0.0,0.58,1
77.0,6120,0.30303030303030304,0.229978354978355,0.0,12.0,120000.0,20000.0,4.0,3.0,0.0,0.58,2,9,0.0024752475247524753,-4.98,0.30303030303030304,0.229978354978355,0.0,12.0,120000.0,20000.0,4.0,3.0,0.0,0.58,1
77.0,7039,0.30303030303030304,0.229978354978355,25.0,12.0,120000.0,20000.0,4.0,4.0,0.0,0.58,1,13,0.0024752475247524753,-4.975,0.30303030303030304,0.229978354978355,25.0,12.0,120000.0,20000.0,4.0,4.0,0.0,0.58,1
77.0,7487,0.30303030303030304,0.229978354978355,25.0,12.0,120000.0,20000.0,3.0,5.0,0.0,0.58,1,13,0.0024752475247524753,-4.975,0.30303030303030304,0.229978354978355,25.0,12.0,120000.0,20000.0,3.0,5.0,0.0,0.58,1
77.0,9280,0.30303030303030304,0.229978354978355,0.0,12.0,120000.0,0.0,0.0,6.0,0.0,0.58,2,13,0.0024752475247524753,-4.98,0.30303030303030304,0.229978354978355,0.0,12.0,120000.0,0.0,0.0,6.0,0.0,0.58,1
77.0,10629,0.30303030303030304,0.229978354978355,0.0,12.0,120000.0,0.0,0.0,4.0,0.0,0.58,1,70,0.0024752475247524753,-4.98,0.30303030303030304,0.229978354978355,0.0,12.0,120000.0,0.0,0.0,4.0,0.0,0.58,1
77.0,11531,0.30303030303030304,0.229978354978355,0.0,12.0,120000.0,0.0,0.0,2.0,0.0,0.58,1,70,0.0024752475247524753,-4.98,0.30303030303030304,0.229978354978355,0.0,12.0,120000.0,0.0,0.0,2.0,0.0,0.58,1
77.0,12425,0.30303030303030304,0.229978354978355,0.0,12.0,120000.0,0.0,0.0,4.0,0.0,0.58,2,70,0.0024752475247524753,-4.98,0.30303030303030304,0.229978354978355,0.0,12.0,120000.0,0.0,0.0,4.0,0.0,0.58,1
71.0,5685,0.32863849765258213,0.2494131455399061,12.5,12.0,120000.0,20000.0,2.0,2.0,0.01,0.58,0,0,0.0024752475247524753,9.749332916666667,0.3029909142114555,0.2299484616783368,12.5,12.0,120000.0,20000.0,2.0,2.0,0.0,0.58,0
57.0,3784,0.40935672514619886,0.31067251461988304,12.5,25.0,400000.0,20000.0,2.0,2.0,0.01,0.58,0,0,0.0024752475247524753,9.5995498,0.3029909142114555,0.2299484616783368,12.5,25.0,400000.0,20000.0,3.0,0.0,0.0,0.58,0
71.0,7036,0.32863849765258213,0.2494131455399061,0.0,12.0,120000.0,20000.0,2.0,5.0,0.01,0.58,0,0,0.0024752475247524753,9.749332916666667,0.3029909142114555,0.2299484616783368,12.5,12.0,120000.0,20000.0,3.0,4.0,0.0,0.58,0
78.0,1369,0.2991452991452992,0.22702991452991456,0.0,8.0,80000.0,0.0,0.0,5.0,0.0,0.58,2,70,0.0024752475247524753,-4.98,0.2991452991452992,0.22702991452991456,0.0,8.0,80000.0,0.0,0.0,5.0,0.0,0.58,1
78.0,3791,0.2991452991452992,0.22702991452991456,12.5,25.0,400000.0,20000.0,3.0,0.0,0.0,0.58,2,70,0.0024752475247524753,-4.98,0.2991452991452992,0.22702991452991456,12.5,25.0,400000.0,20000.0,3.0,0.0,0.0,0.58,1
78.0,6572,0.2991452991452992,0.22702991452991456,12.5,12.0,120000.0,20000.0,4.0,5.0,0.0,0.58,2,70,0.0024752475247524753,-4.98,0.2991452991452992,0.22702991452991456,12.5,12.0,120000.0,20000.0,4.0,5.0,0.0,0.58,1
78.0,8837,0.2991452991452992,0.22702991452991456,0.0,12.0,120000.0,0.0,0.0,3.0,0.0,0.58,3,48,0.0024752475247524753,-4.9510000000000005,0.2991452991452992,0.22702991452991456,0.0,12.0,120000.0,0.0,0.0,3.0,0.0,0.58,1
78.0,9730,0.2991452991452992,0.22702991452991456,0.0,12.0,120000.0,0.0,0.0,3.0,0.0,0.58,3,48,0.0024752475247524753,-4.9510000000000005,0.2991452991452992,0.22702991452991456,0.0,12.0,120000.0,0.0,0.0,3.0,0.0,0.58,1
78.0,10170,0.2991452991452992,0.22702991452991456,0.0,12.0,120000.0,0.0,0.0,2.0,0.0,0.58,3,46,0.0024752475247524753,-4.9510000000000005,0.2991452991452992,0.22702991452991456,0.0,12.0,120000.0,0.0,0.0,2.0,0.0,0.58,1
78.0,11987,0.2991452991452992,0.22702991452991456,0.0,12.0,120000.0,0.0,0.0,1.0,0.0,0.58,3,46,0.0024752475247524753,-4.9510000000000005,0.2991452991452992,0.22702991452991456,0.0,12.0,120000.0,0.0,0.0,1.0,0.0,0.58,1
79.0,1808,0.29535864978902954,0.3560126582278481,0.0,8.0,80000.0,0.0,0.0,4.0,0.0,0.58,1,46,0.0024752475247524753,-4.98,0.29535864978902954,0.3560126582278481,0.0,8.0,80000.0,0.0,0.0,4.0,0.0,0.58,1
79.0,2265,0.29535864978902954,0.3560126582278481,0.0,8.0,80000.0,0.0,0.0,5.0,0.0,0.58,1,46,0.0024752475247524753,-4.98,0.29535864978902954,0.3560126582278481,0.0,8.0,80000.0,0.0,0.0,5.0,0.0,0.58,1
79.0,4152,0.29535864978902954,0.3560126582278481,0.0,25.0,400000.0,0.0,0.0,1.0,0.0,0.58,1,46,0.0024752475247524753,-4.98025,0.29535864978902954,0.3560126582278481,0.0,25.0,400000.0,0.0,0.0,1.0,0.0,0.58,1
79.0,4872,0.29535864978902954,0.3560126582278481,0.0,25.0,400000.0,0.0,0.0,5.0,0.0,0.58,1,46,0.0024752475247524753,-4.98,0.29535864978902954,0.3560126582278481,0.0,25.0,400000.0,0.0,0.0,5.0,0.0,0.58,1
79.0,5241,0.29535864978902954,0.3560126582278481,12.5,12.0,120000.0,20000.0,3.0,6.0,0.0,0.58,1,46,0.0024752475247524753,-4.98,0.29535864978902954,0.3560126582278481,12.5,12.0,120000.0,20000.0,3.0,6.0,0.0,0.58,1
79.0,5689,0.29535864978902954,0.3560126582278481,12.5,12.0,120000.0,20000.0,2.0,2.0,0.0,0.58,3,2,0.0024752475247524753,-4.9510000000000005,0.29535864978902954,0.3560126582278481,12.5,12.0,120000.0,20000.0,2.0,2.0,0.0,0.58,1
79.0,6121,0.29535864978902954,0.3560126582278481,0.0,12.0,120000.0,20000.0,4.0,3.0,0.0,0.58,2,5,0.0024752475247524753,-4.98,0.29535864978902954,0.3560126582278481,0.0,12.0,120000.0,20000.0,4.0,3.0,0.0,0.58,1
79.0,7040,0.29535864978902954,0.3560126582278481,12.5,12.0,120000.0,20000.0,3.0,4.0,0.0,0.58,1,69,0.0024752475247524753,-4.98,0.29535864978902954,0.3560126582278481,12.5,12.0,120000.0,20000.0,3.0,4.0,0.0,0.58,1
79.0,9281,0.29535864978902954,0.3560126582278481,0.0,12.0,120000.0,0.0,0.0,6.0,0.0,0.58,2,46,0.0024752475247524753,-4.98,0.29535864978902954,0.3560126582278481,0.0,12.0,120000.0,0.0,0.0,6.0,0.0,0.58,1
79.0,10630,0.29535864978902954,0.3560126582278481,0.0,12.0,120000.0,0.0,0.0,4.0,0.0,0.58,2,46,0.0024752475247524753,-4.98,0.29535864978902954,0.3560126582278481,0.0,12.0,120000.0,0.0,0.0,4.0,0.0,0.58,1
79.0,11532,0.29535864978902954,0.3560126582278481,0.0,12.0,120000.0,0.0,0.0,2.0,0.0,0.58,2,46,0.0024752475247524753,-4.98,0.29535864978902954,0.3560126582278481,0.0,12.0,120000.0,0.0,0.0,2.0,0.0,0.58,1
79.0,12426,0.29535864978902954,0.3560126582278481,0.0,12.0,120000.0,0.0,0.0,4.0,0.0,0.58,2,46,0.0024752475247524753,-4.98,0.29535864978902954,0.3560126582278481,0.0,12.0,120000.0,0.0,0.0,4.0,0.0,0.58,1
73.0,7485,0.31963470319634707,0.24257990867579907,12.5,12.0,120000.0,20000.0,2.0,3.0,0.0,0.58,0,0,0.0024752475247524753,9.749082916666666,0.29532122997242166,0.3559675539846154,25.0,12.0,120000.0,20000.0,3.0,5.0,0.0,0.58,0
73.0,7936,0.31963470319634707,0.24257990867579907,0.0,12.0,120000.0,20000.0,2.0,3.0,0.0,0.58,0,0,0.0024752475247524753,9.749082916666666,0.29532122997242166,0.3559675539846154,25.0,12.0,120000.0,20000.0,6.0,4.0,0.0,0.58,0
80.0,900,0.2916666666666667,0.3515625,0.0,8.0,80000.0,20000.0,3.0,1.0,0.0,0.58,2,42,0.0024752475247524753,-4.98,0.2916666666666667,0.3515625,0.0,8.0,80000.0,20000.0,3.0,1.0,0.0,0.58,1
80.0,1370,0.2916666666666667,0.3515625,0.0,8.0,80000.0,0.0,0.0,5.0,0.0,0.58,2,42,0.0024752475247524753,-4.98,0.2916666666666667,0.3515625,0.0,8.0,80000.0,0.0,0.0,5.0,0.0,0.58,1
80.0,8838,0.2916666666666667,0.3515625,0.0,12.0,120000.0,0.0,0.0,3.0,0.0,0.58,2,42,0.0024752475247524753,-4.98,0.2916666666666667,0.3515625,0.0,12.0,120000.0,0.0,0.0,3.0,0.0,0.58,1
80.0,9731,0.2916666666666667,0.3515625,0.0,12.0,120000.0,0.0,0.0,3.0,0.0,0.58,2,16,0.0024752475247524753,-4.98,0.2916666666666667,0.3515625,0.0,12.0,120000.0,0.0,0.0,3.0,0.0,0.58,1
80.0,10171,0.2916666666666667,0.3515625,0.0,12.0,120000.0,0.0,0.0,2.0,0.0,0.58,2,16,0.0024752475247524753,-4.98,0.2916666666666667,0.3515625,0.0,12.0,120000.0,0.0,0.0,2.0,0.0,0.58,1
80.0,11988,0.2916666666666667,0.3515625,0.0,12.0,120000.0,0.0,0.0,1.0,0.0,0.58,1,34,0.0024752475247524753,-4.980500000000001,0.2916666666666667,0.3515625,0.0,12.0,120000.0,0.0,0.0,1.0,0.0,0.58,1
77.0,0,0.30303030303030304,0.229978354978355,0.0,8.0,80000.0,20000.0,1.0,2.0,0.0,0.58,0,0,0.0024752475247524753,9.74975,0.2880658436213992,0.3472222222222222,12.5,8.0,80000.0,20000.0,2.0,2.0,0.0,0.58,0
81.0,2,0.2880658436213992,0.3472222222222222,12.5,8.0,80000.0,20000.0,2.0,2.0,0.0,0.58,1,34,0.0024752475247524753,-4.98,0.2880658436213992,0.3472222222222222,12.5,8.0,80000.0,20000.0,2.0,2.0,0.0,0.58,1
81.0,1809,0.2880658436213992,0.3472222222222222,0.0,8.0,80000.0,0.0,0.0,4.0,0.0,0.58,3,97,0.0024752475247524753,-4.9510000000000005,0.2880658436213992,0.3472222222222222,0.0,8.0,80000.0,0.0,0.0,4.0,0.0,0.58,1
81.0,2266,0.2880658436213992,0.3472222222222222,0.0,8.0,80000.0,0.0,0.0,5.0,0.0,0.58,3,97,0.0024752475247524753,-4.9510000000000005,0.2880658436213992,0.3472222222222222,0.0,8.0,80000.0,0.0,0.0,5.0,0.0,0.58,1
81.0,5690,0.2880658436213992,0.3472222222222222,12.5,12.0,120000.0,20000.0,2.0,2.0,0.0,0.58,1,70,0.0024752475247524753,-4.98,0.2880658436213992,0.3472222222222222,12.5,12.0,120000.0,20000.0,2.0,2.0,0.0,0.58,1
81.0,6122,0.2880658436213992,0.3472222222222222,0.0,12.0,120000.0,20000.0,4.0,3.0,0.0,0.58,1,70,0.0024752475247524753,-4.98,0.2880658436213992,0.3472222222222222,0.0,12.0,120000.0,20000.0,4.0,3.0,0.0,0.58,1
81.0,7041,0.2880658436213992,0.3472222222222222,12.5,12.0,120000.0,20000.0,3.0,4.0,0.0,0.58,2,86,0.0024752475247524753,-4.98,0.2880658436213992,0.3472222222222222,12.5,12.0,120000.0,20000.0,3.0,4.0,0.0,0.58,1
81.0,7489,0.2880658436213992,0.3472222222222222,25.0,12.0,120000.0,20000.0,3.0,5.0,0.0,0.58,2,86,0.0024752475247524753,-4.975,0.2880658436213992,0.3472222222222222,25.0,12.0,120000.0,20000.0,3.0,5.0,0.0,0.58,1
81.0,7940,0.2880658436213992,0.3472222222222222,25.0,12.0,120000.0,20000.0,7.0,4.0,0.0,0.58,1,30,0.0024752475247524753,-4.975,0.2880658436213992,0.3472222222222222,25.0,12.0,120000.0,20000.0,7.0,4.0,0.0,0.58,1
81.0,9282,0.2880658436213992,0.3472222222222222,0.0,12.0,120000.0,0.0,0.0,6.0,0.0,0.58,1,30,0.0024752475247524753,-4.98,0.2880658436213992,0.3472222222222222,0.0,12.0,120000.0,0.0,0.0,6.0,0.0,0.58,1
81.0,10631,0.2880658436213992,0.3472222222222222,0.0,12.0,120000.0,0.0,0.0,4.0,0.0,0.58,1,64,0.0024752475247524753,-4.98,0.2880658436213992,0.3472222222222222,0.0,12.0,120000.0,0.0,0.0,4.0,0.0,0.58,1
81.0,11533,0.2880658436213992,0.3472222222222222,0.0,12.0,120000.0,0.0,0.0,2.0,0.0,0.58,1,64,0.0024752475247524753,-4.98,0.2880658436213992,0.3472222222222222,0.0,12.0,120000.0,0.0,0.0,2.0,0.0,0.58,1
81.0,12427,0.2880658436213992,0.3472222222222222,0.0,12.0,120000.0,0.0,0.0,4.0,0.0,0.58,1,64,0.0024752475247524753,-4.98,0.2880658436213992,0.3472222222222222,0.0,12.0,120000.0,0.0,0.0,4.0,0.0,0.58,1
75.0,5239,0.3111111111111111,0.2361111111111111,0.0,12.0,120000.0,20000.0,2.0,5.0,0.0,0.58,0,0,0.0024752475247524753,9.749332916666667,0.28803024877213734,0.3471793177164156,12.5,12.0,120000.0,20000.0,3.0,6.0,0.0,0.58,0
75.0,5687,0.3111111111111111,0.2361111111111111,12.5,12.0,120000.0,20000.0,2.0,2.0,0.0,0.58,0,0,0.0024752475247524753,9.749582916666666,0.28803024877213734,0.3471793177164156,0.0,12.0,120000.0,20000.0,1.0,2.0,0.0,0.58,0
75.0,7038,0.3111111111111111,0.2361111111111111,12.5,12.0,120000.0,20000.0,3.0,4.0,0.0,0.58,0,0,0.0024752475247524753,9.749582916666666,0.28803024877213734,0.3471793177164156,0.0,12.0,120000.0,20000.0,2.0,4.0,0.0,0.58,0
75.0,7486,0.3111111111111111,0.2361111111111111,12.5,12.0,120000.0,20000.0,2.0,4.0,0.0,0.58,0,0,0.0024752475247524753,9.749332916666667,0.28803024877213734,0.3471793177164156,12.5,12.0,120000.0,20000.0,2.0,5.0,0.0,0.58,0
76.0,6571,0.30701754385964913,0.23300438596491227,0.0,12.0,120000.0,20000.0,3.0,5.0,0.0,0.58,0,0,0.0024752475247524753,9.74975,0.2845528455284553,0.3429878048780488,12.5,12.0,120000.0,20000.0,4.0,5.0,0.0,0.58,0
82.0,1371,0.2845528455284553,0.3429878048780488,0.0,8.0,80000.0,0.0,0.0,5.0,0.0,0.58,1,64,0.0024752475247524753,-4.98,0.2845528455284553,0.3429878048780488,0.0,8.0,80000.0,0.0,0.0,5.0,0.0,0.58,1
82.0,4153,0.2845528455284553,0.3429878048780488,0.0,25.0,400000.0,0.0,0.0,1.0,0.0,0.58,1,64,0.0024752475247524753,-4.980500000000001,0.2845528455284553,0.3429878048780488,0.0,25.0,400000.0,0.0,0.0,1.0,0.0,0.58,1
82.0,4873,0.2845528455284553,0.3429878048780488,0.0,25.0,400000.0,0.0,0.0,5.0,0.0,0.58,1,34,0.0024752475247524753,-4.98,0.2845528455284553,0.3429878048780488,0.0,25.0,400000.0,0.0,0.0,5.0,0.0,0.58,1
82.0,6574,0.2845528455284553,0.3429878048780488,12.5,12.0,120000.0,20000.0,4.0,5.0,0.0,0.58,1,34,0.0024752475247524753,-4.98,0.2845528455284553,0.3429878048780488,12.5,12.0,120000.0,20000.0,4.0,5.0,0.0,0.58,1
82.0,8839,0.2845528455284553,0.3429878048780488,0.0,12.0,120000.0,0.0,0.0,3.0,0.0,0.58,2,38,0.0024752475247524753,-4.98,0.2845528455284553,0.3429878048780488,0.0,12.0,120000.0,0.0,0.0,3.0,0.0,0.58,1
82.0,9732,0.2845528455284553,0.3429878048780488,0.0,12.0,120000.0,0.0,0.0,3.0,0.0,0.58,2,38,0.0024752475247524753,-4.98,0.2845528455284553,0.3429878048780488,0.0,12.0,120000.0,0.0,0.0,3.0,0.0,0.58,1
82.0,10172,0.2845528455284553,0.3429878048780488,0.0,12.0,120000.0,0.0,0.0,2.0,0.0,0.58,2,38,0.0024752475247524753,-4.98,0.2845528455284553,0.3429878048780488,0.0,12.0,120000.0,0.0,0.0,2.0,0.0,0.58,1
82.0,11989,0.2845528455284553,0.3429878048780488,0.0,12.0,120000.0,0.0,0.0,1.0,0.0,0.58,2,38,0.0024752475247524753,-4.98,0.2845528455284553,0.3429878048780488,0.0,12.0,120000.0,0.0,0.0,1.0,0.0,0.58,1
83.0,3,0.28112449799196787,0.338855421686747,12.5,8.0,80000.0,20000.0,2.0,2.0,0.0,0.58,2,95,0.0024752475247524753,-4.98,0.28112449799196787,0.338855421686747,12.5,8.0,80000.0,20000.0,2.0,2.0,0.0,0.58,1
83.0,1810,0.28112449799196787,0.338855421686747,0.0,8.0,80000.0,0.0,0.0,4.0,0.0,0.58,2,95,0.0024752475247524753,-4.98,0.28112449799196787,0.338855421686747,0.0,8.0,80000.0,0.0,0.0,4.0,0.0,0.58,1
83.0,2267,0.28112449799196787,0.338855421686747,0.0,8.0,80000.0,0.0,0.0,5.0,0.0,0.58,2,94,0.0024752475247524753,-4.98,0.28112449799196787,0.338855421686747,0.0,8.0,80000.0,0.0,0.0,5.0,0.0,0.58,1
83.0,3430,0.28112449799196787,0.338855421686747,12.5,25.0,400000.0,20000.0,5.0,2.0,0.0,0.58,2,94,0.0024752475247524753,-4.98,0.28112449799196787,0.338855421686747,12.5,25.0,400000.0,20000.0,5.0,2.0,0.0,0.58,1
83.0,5691,0.28112449799196787,0.338855421686747,0.0,12.0,120000.0,20000.0,1.0,2.0,0.0,0.58,2,58,0.0024752475247524753,-4.98,0.28112449799196787,0.338855421686747,0.0,12.0,120000.0,20000.0,1.0,2.0,0.0,0.58,1
83.0,6123,0.28112449799196787,0.338855421686747,0.0,12.0,120000.0,20000.0,4.0,3.0,0.0,0.58,2,58,0.0024752475247524753,-4.98,0.28112449799196787,0.338855421686747,0.0,12.0,120000.0,20000.0,4.0,3.0,0.0,0.58,1
83.0,7042,0.28112449799196787,0.338855421686747,0.0,12.0,120000.0,20000.0,4.0,4.0,0.0,0.58,1,31,0.0024752475247524753,-4.98,0.28112449799196787,0.338855421686747,0.0,12.0,120000.0,20000.0,4.0,4.0,0.0,0.58,1
83.0,7490,0.28112449799196787,0.338855421686747,12.5,12.0,120000.0,20000.0,2.0,5.0,0.0,0.58,1,31,0.0024752475247524753,-4.98,0.28112449799196787,0.338855421686747,12.5,12.0,120000.0,20000.0,2.0,5.0,0.0,0.58,1
83.0,7941,0.28112449799196787,0.338855421686747,25.0,12.0,120000.0,20000.0,7.0,5.0,0.0,0.58,2,27,0.0024752475247524753,-4.975,0.28112449799196787,0.338855421686747,25.0,12.0,120000.0,20000.0,7.0,5.0,0.0,0.58,1
83.0,9283,0.28112449799196787,0.338855421686747,0.0,12.0,120000.0,0.0,0.0,6.0,0.0,0.58,2,27,0.0024752475247524753,-4.98,0.28112449799196787,0.338855421686747,0.0,12.0,120000.0,0.0,0.0,6.0,0.0,0.58,1
83.0,10632,0.28112449799196787,0.338855421686747,0.0,12.0,120000.0,0.0,0.0,4.0,0.0,0.58,2,79,0.0024752475247524753,-4.98,0.28112449799196787,0.338855421686747,0.0,12.0,120000.0,0.0,0.0,4.0,0.0,0.58,1
83.0,11534,0.28112449799196787,0.338855421686747,0.0,12.0,120000.0,0.0,0.0,2.0,0.0,0.58,2,79,0.0024752475247524753,-4.98,0.28112449799196787,0.338855421686747,0.0,12.0,120000.0,0.0,0.0,2.0,0.0,0.58,1
83.0,12428,0.28112449799196787,0.338855421686747,0.0,12.0,120000.0,0.0,0.0,4.0,0.0,0.58,2,79,0.0024752475247524753,-4.98,0.28112449799196787,0.338855421686747,0.0,12.0,120000.0,0.0,0.0,4.0,0.0,0.58,1
79.0,1,0.29535864978902954,0.3560126582278481,12.5,8.0,80000.0,20000.0,2.0,2.0,0.0,0.58,0,0,0.0024752475247524753,9.749374375,0.28109059778854784,0.33881455983441033,0.0,8.0,80000.0,20000.0,1.0,2.0,0.0,0.58,0
77.0,7938,0.30303030303030304,0.229978354978355,12.5,12.0,120000.0,20000.0,5.0,3.0,0.0,0.58,0,0,0.0024752475247524753,9.749332916666667,0.28109059778854784,0.33881455983441033,12.5,12.0,120000.0,20000.0,6.0,5.0,0.0,0.58,0
84.0,902,0.2777777777777778,0.33482142857142855,12.5,8.0,80000.0,20000.0,4.0,1.0,0.0,0.58,2,79,0.0024752475247524753,-4.98,0.2777777777777778,0.33482142857142855,12.5,8.0,80000.0,20000.0,4.0,1.0,0.0,0.58,1
84.0,1372,0.2777777777777778,0.33482142857142855,0.0,8.0,80000.0,0.0,0.0,5.0,0.0,0.58,2,88,0.0024752475247524753,-4.98,0.2777777777777778,0.33482142857142855,0.0,8.0,80000.0,0.0,0.0,5.0,0.0,0.58,1
84.0,3793,0.2777777777777778,0.33482142857142855,25.0,25.0,400000.0,20000.0,6.0,0.0,0.0,0.58,2,88,0.0024752475247524753,-4.975,0.2777777777777778,0.33482142857142855,25.0,25.0,400000.0,20000.0,6.0,0.0,0.0,0.58,1
84.0,6575,0.2777777777777778,0.33482142857142855,12.5,12.0,120000.0,20000.0,4.0,5.0,0.0,0.58,3,37,0.0024752475247524753,-4.9510000000000005,0.2777777777777778,0.33482142857142855,12.5,12.0,120000.0,20000.0,4.0,5.0,0.0,0.58,1
84.0,8840,0.2777777777777778,0.33482142857142855,0.0,12.0,120000.0,0.0,0.0,3.0,0.0,0.58,3,37,0.0024752475247524753,-4.9510000000000005,0.2777777777777778,0.33482142857142855,0.0,12.0,120000.0,0.0,0.0,3.0,0.0,0.58,1
84.0,9733,0.2777777777777778,0.33482142857142855,0.0,12.0,120000.0,0.0,0.0,3.0,0.0,0.58,3,37,0.0024752475247524753,-4.9510000000000005,0.2777777777777778,0.33482142857142855,0.0,12.0,120000.0,0.0,0.0,3.0,0.0,0.58,1
84.0,10173,0.2777777777777778,0.33482142857142855,0.0,12.0,120000.0,0.0,0.0,2.0,0.0,0.58,3,37,0.0024752475247524753,-4.9510000000000005,0.2777777777777778,0.33482142857142855,0.0,12.0,120000.0,0.0,0.0,2.0,0.0,0.58,1
84.0,11990,0.2777777777777778,0.33482142857142855,0.0,12.0,120000.0,0.0,0.0,1.0,0.0,0.58,3,18,0.0024752475247524753,-4.9510000000000005,0.2777777777777778,0.33482142857142855,0.0,12.0,120000.0,0.0,0.0,1.0,0.0,0.58,1
85.0,4,0.27450980392156865,0.33088235294117646,0.0,8.0,80000.0,20000.0,1.0,2.0,0.0,0.58,3,18,0.0024752475247524753,-4.9510000000000005,0.27450980392156865,0.33088235294117646,0.0,8.0,80000.0,20000.0,1.0,2.0,0.0,0.58,1
85.0,1811,0.27450980392156865,0.33088235294117646,0.0,8.0,80000.0,0.0,0.0,4.0,0.0,0.58,3,18,0.0024752475247524753,-4.9510000000000005,0.27450980392156865,0.33088235294117646,0.0,8.0,80000.0,0.0,0.0,4.0,0.0,0.58,1
85.0,2268,0.27450980392156865,0.33088235294117646,0.0,8.0,80000.0,0.0,0.0,5.0,0.0,0.58,3,18,0.0024752475247524753,-4.9510000000000005,0.27450980392156865,0.33088235294117646,0.0,8.0,80000.0,0.0,0.0,5.0,0.0,0.58,1
85.0,4154,0.27450980392156865,0.33088235294117646,0.0,25.0,400000.0,0.0,0.0,1.0,0.0,0.58,3,90,0.0024752475247524753,-4.9510000000000005,0.27450980392156865,0.33088235294117646,0.0,25.0,400000.0,0.0,0.0,1.0,0.0,0.58,1
85.0,4874,0.27450980392156865,0.33088235294117646,0.0,25.0,400000.0,0.0,0.0,5.0,0.0,0.58,3,90,0.0024752475247524753,-4.9510000000000005,0.27450980392156865,0.33088235294117646,0.0,25.0,400000.0,0.0,0.0,5.0,0.0,0.58,1
85.0,5244,0.27450980392156865,0.33088235294117646,25.0,12.0,120000.0,20000.0,4.0,5.0,0.0,0.58,3,34,0.0024752475247524753,-4.946,0.27450980392156865,0.33088235294117646,25.0,12.0,120000.0,20000.0,4.0,5.0,0.0,0.58,1
85.0,5692,0.27450980392156865,0.33088235294117646,0.0,12.0,120000.0,20000.0,1.0,2.0,0.0,0.58,3,34,0.0024752475247524753,-4.9510000000000005,0.27450980392156865,0.33088235294117646,0.0,12.0,120000.0,20000.0,1.0,2.0,0.0,0.58,1
85.0,9284,0.27450980392156865,0.33088235294117646,0.0,12.0,120000.0,0.0,0.0,6.0,0.0,0.58,2,90,0.0024752475247524753,-4.98,0.27450980392156865,0.33088235294117646,0.0,12.0,120000.0,0.0,0.0,6.0,0.0,0.58,1
85.0,10633,0.27450980392156865,0.33088235294117646,0.0,12.0,120000.0,0.0,0.0,4.0,0.0,0.58,2,90,0.0024752475247524753,-4.98,0.27450980392156865,0.33088235294117646,0.0,12.0,120000.0,0.0,0.0,4.0,0.0,0.58,1
85.0,11535,0.27450980392156865,0.33088235294117646,0.0,12.0,120000.0,0.0,0.0,2.0,0.0,0.58,2,90,0.0024752475247524753,-4.98,0.27450980392156865,0.33088235294117646,0.0,12.0,120000.0,0.0,0.0,2.0,0.0,0.58,1
85.0,12429,0.27450980392156865,0.33088235294117646,0.0,12.0,120000.0,0.0,0.0,4.0,0.0,0.58,2,90,0.0024752475247524753,-4.98,0.27450980392156865,0.33088235294117646,0.0,12.0,120000.0,0.0,0.0,4.0,0.0,0.58,1
79.0,7488,0.29535864978902954,0.3560126582278481,25.0,12.0,120000.0,20000.0,3.0,5.0,0.0,0.58,0,0,0.0024752475247524753,9.749332916666667,0.27447748016184603,0.33084339126651086,12.5,12.0,120000.0,20000.0,2.0,5.0,0.0,0.58,0
79.0,7939,0.29535864978902954,0.3560126582278481,25.0,12.0,120000.0,20000.0,6.0,4.0,0.0,0.58,0,0,0.0024752475247524753,9.749332916666667,0.27447748016184603,0.33084339126651086,12.5,12.0,120000.0,20000.0,6.0,5.0,0.0,0.58,0
43.0,4860,0.11627906976744186,0.07267441860465117,0.0,25.0,400000.0,0.0,0.0,6.0,0.31,0.8,2,9,0.0024752475247524753,-3.8333333333333335,0.2723735408560311,0.32830739299610895,0.0,25.0,400000.0,0.0,0.0,5.0,0.0,0.58,1
82.0,901,0.2845528455284553,0.3429878048780488,0.0,8.0,80000.0,20000.0,3.0,1.0,0.0,0.58,1,64,0.0024752475247524753,9.77,0.2713178294573643,0.32703488372093026,0.0,8.0,80000.0,20000.0,4.0,1.0,0.0,0.58,0
86.0,1373,0.2713178294573643,0.32703488372093026,0.0,8.0,80000.0,0.0,0.0,5.0,0.0,0.58,1,1,0.0024752475247524753,-4.98,0.2713178294573643,0.32703488372093026,0.0,8.0,80000.0,0.0,0.0,5.0,0.0,0.58,1
86.0,3431,0.2713178294573643,0.32703488372093026,12.5,25.0,400000.0,20000.0,5.0,2.0,0.0,0.58,2,59,0.0024752475247524753,-4.98,0.2713178294573643,0.32703488372093026,12.5,25.0,400000.0,20000.0,5.0,2.0,0.0,0.58,1
86.0,4507,0.2713178294573643,0.32703488372093026,25.0,25.0,400000.0,20000.0,5.0,3.0,0.0,0.58,2,59,0.0024752475247524753,-4.975,0.2713178294573643,0.32703488372093026,25.0,25.0,400000.0,20000.0,5.0,3.0,0.0,0.58,1
86.0,6576,0.2713178294573643,0.32703488372093026,12.5,12.0,120000.0,20000.0,4.0,5.0,0.0,0.58,1,4,0.0024752475247524753,-4.98,0.2713178294573643,0.32703488372093026,12.5,12.0,120000.0,20000.0,4.0,5.0,0.0,0.58,1
86.0,8841,0.2713178294573643,0.32703488372093026,0.0,12.0,120000.0,0.0,0.0,3.0,0.0,0.58,1,4,0.0024752475247524753,-4.98,0.2713178294573643,0.32703488372093026,0.0,12.0,120000.0,0.0,0.0,3.0,0.0,0.58,1
86.0,9734,0.2713178294573643,0.32703488372093026,0.0,12.0,120000.0,0.0,0.0,3.0,0.0,0.58,2,97,0.0024752475247524753,-4.98,0.2713178294573643,0.32703488372093026,0.0,12.0,120000.0,0.0,0.0,3.0,0.0,0.58,1
86.0,10174,0.2713178294573643,0.32703488372093026,0.0,12.0,120000.0,0.0,0.0,2.0,0.0,0.58,2,97,0.0024752475247524753,-4.98,0.2713178294573643,0.32703488372093026,0.0,12.0,120000.0,0.0,0.0,2.0,0.0,0.58,1
86.0,11991,0.2713178294573643,0.32703488372093026,0.0,12.0,120000.0,0.0,0.0,1.0,0.0,0.58,2,68,0.0024752475247524753,-4.98,0.2713178294573643,0.32703488372093026,0.0,12.0,120000.0,0.0,0.0,1.0,0.0,0.58,1
80.0,6573,0.2916666666666667,0.3515625,12.5,12.0,120000.0,20000.0,4.0,5.0,0.0,0.58,0,0,0.0024752475247524753,9.749582916666666,0.27128625299931175,0.3269968228116704,0.0,12.0,120000.0,20000.0,3.0,5.0,0.0,0.58,0
87.0,5,0.2681992337164751,0.3232758620689655,0.0,8.0,80000.0,20000.0,1.0,2.0,0.0,0.58,2,68,0.0024752475247524753,-4.98,0.2681992337164751,0.3232758620689655,0.0,8.0,80000.0,20000.0,1.0,2.0,0.0,0.58,1
87.0,1812,0.2681992337164751,0.3232758620689655,0.0,8.0,80000.0,0.0,0.0,4.0,0.0,0.58,1,40,0.0024752475247524753,-4.98,0.2681992337164751,0.3232758620689655,0.0,8.0,80000.0,0.0,0.0,4.0,0.0,0.58,1
87.0,2269,0.2681992337164751,0.3232758620689655,0.0,8.0,80000.0,0.0,0.0,5.0,0.0,0.58,1,40,0.0024752475247524753,-4.98,0.2681992337164751,0.3232758620689655,0.0,8.0,80000.0,0.0,0.0,5.0,0.0,0.58,1
87.0,3794,0.2681992337164751,0.3232758620689655,25.0,25.0,400000.0,20000.0,6.0,0.0,0.0,0.58,3,34,0.0024752475247524753,-4.946,0.2681992337164751,0.3232758620689655,25.0,25.0,400000.0,20000.0,6.0,0.0,0.0,0.58,1
87.0,5693,0.2681992337164751,0.3232758620689655,0.0,12.0,120000.0,20000.0,1.0,2.0,0.0,0.58,3,34,0.0024752475247524753,-4.9510000000000005,0.2681992337164751,0.3232758620689655,0.0,12.0,120000.0,20000.0,1.0,2.0,0.0,0.58,1
87.0,6125,0.2681992337164751,0.3232758620689655,12.5,12.0,120000.0,20000.0,5.0,3.0,0.0,0.58,1,82,0.0024752475247524753,-4.98,0.2681992337164751,0.3232758620689655,12.5,12.0,120000.0,20000.0,5.0,3.0,0.0,0.58,1
87.0,7044,0.2681992337164751,0.3232758620689655,12.5,12.0,120000.0,20000.0,5.0,4.0,0.0,0.58,1,82,0.0024752475247524753,-4.98,0.2681992337164751,0.3232758620689655,12.5,12.0,120000.0,20000.0,5.0,4.0,0.0,0.58,1
87.0,7492,0.2681992337164751,0.3232758620689655,12.5,12.0,120000.0,20000.0,2.0,5.0,0.0,0.58,1,57,0.0024752475247524753,-4.98,0.2681992337164751,0.3232758620689655,12.5,12.0,120000.0,20000.0,2.0,5.0,0.0,0.58,1
87.0,7943,0.2681992337164751,0.3232758620689655,12.5,12.0,120000.0,20000.0,6.0,5.0,0.0,0.58,1,57,0.0024752475247524753,-4.98,0.2681992337164751,0.3232758620689655,12.5,12.0,120000.0,20000.0,6.0,5.0,0.0,0.58,1
87.0,9285,0.2681992337164751,0.3232758620689655,0.0,12.0,120000.0,0.0,0.0,6.0,0.0,0.58,1,16,0.0024752475247524753,-4.98,0.2681992337164751,0.3232758620689655,0.0,12.0,120000.0,0.0,0.0,6.0,0.0,0.58,1
87.0,10634,0.2681992337164751,0.3232758620689655,0.0,12.0,120000.0,0.0,0.0,4.0,0.0,0.58,1,16,0.0024752475247524753,-4.98,0.2681992337164751,0.3232758620689655,0.0,12.0,120000.0,0.0,0.0,4.0,0.0,0.58,1
87.0,11536,0.2681992337164751,0.3232758620689655,0.0,12.0,120000.0,0.0,0.0,2.0,0.0,0.58,3,81,0.0024752475247524753,-4.9510000000000005,0.2681992337164751,0.3232758620689655,0.0,12.0,120000.0,0.0,0.0,2.0,0.0,0.58,1
87.0,12430,0.2681992337164751,0.3232758620689655,0.0,12.0,120000.0,0.0,0.0,4.0,0.0,0.58,2,24,0.0024752475247524753,-4.98,0.2681992337164751,0.3232758620689655,0.0,12.0,120000.0,0.0,0.0,4.0,0.0,0.58,1
81.0,5242,0.2880658436213992,0.3472222222222222,12.5,12.0,120000.0,20000.0,3.0,6.0,0.0,0.58,0,0,0.0024752475247524753,9.749332916666667,0.2681683789409211,0.32323867104486026,12.5,12.0,120000.0,20000.0,3.0,5.0,0.0,0.58,0
88.0,904,0.2651515151515152,0.31960227272727276,12.5,8.0,80000.0,20000.0,4.0,1.0,0.0,0.58,2,24,0.0024752475247524753,-4.98,0.2651515151515152,0.31960227272727276,12.5,8.0,80000.0,20000.0,4.0,1.0,0.0,0.58,1
88.0,1374,0.2651515151515152,0.31960227272727276,0.0,8.0,80000.0,0.0,0.0,5.0,0.0,0.58,1,19,0.0024752475247524753,-4.98,0.2651515151515152,0.31960227272727276,0.0,8.0,80000.0,0.0,0.0,5.0,0.0,0.58,1
88.0,4155,0.2651515151515152,0.31960227272727276,0.0,25.0,400000.0,0.0,0.0,1.0,0.0,0.58,1,19,0.0024752475247524753,-4.980500000000001,0.2651515151515152,0.31960227272727276,0.0,25.0,400000.0,0.0,0.0,1.0,0.0,0.58,1
88.0,4875,0.2651515151515152,0.31960227272727276,0.0,25.0,400000.0,0.0,0.0,5.0,0.0,0.58,1,64,0.0024752475247524753,-4.98,0.2651515151515152,0.31960227272727276,0.0,25.0,400000.0,0.0,0.0,5.0,0.0,0.58,1
88.0,6577,0.2651515151515152,0.31960227272727276,0.0,12.0,120000.0,20000.0,3.0,5.0,0.0,0.58,1,64,0.0024752475247524753,-4.98,0.2651515151515152,0.31960227272727276,0.0,12.0,120000.0,20000.0,3.0,5.0,0.0,0.58,1
88.0,8842,0.2651515151515152,0.31960227272727276,0.0,12.0,120000.0,0.0,0.0,3.0,0.0,0.58,2,31,0.0024752475247524753,-4.98,0.2651515151515152,0.31960227272727276,0.0,12.0,120000.0,0.0,0.0,3.0,0.0,0.58,1
88.0,9735,0.2651515151515152,0.31960227272727276,0.0,12.0,120000.0,0.0,0.0,3.0,0.0,0.58,2,31,0.0024752475247524753,-4.98,0.2651515151515152,0.31960227272727276,0.0,12.0,120000.0,0.0,0.0,3.0,0.0,0.58,1
88.0,10175,0.2651515151515152,0.31960227272727276,0.0,12.0,120000.0,0.0,0.0,2.0,0.0,0.58,2,30,0.0024752475247524753,-4.98,0.2651515151515152,0.31960227272727276,0.0,12.0,120000.0,0.0,0.0,2.0,0.0,0.58,1
88.0,11992,0.2651515151515152,0.31960227272727276,0.0,12.0,120000.0,0.0,0.0,1.0,0.0,0.58,2,30,0.0024752475247524753,-4.98,0.2651515151515152,0.31960227272727276,0.0,12.0,120000.0,0.0,0.0,1.0,0.0,0.58,1
89.0,1813,0.2621722846441948,0.31601123595505615,0.0,8.0,80000.0,0.0,0.0,4.0,0.0,0.58,3,67,0.0024752475247524753,-4.9510000000000005,0.2621722846441948,0.31601123595505615,0.0,8.0,80000.0,0.0,0.0,4.0,0.0,0.58,1
89.0,2270,0.2621722846441948,0.31601123595505615,0.0,8.0,80000.0,0.0,0.0,5.0,0.0,0.58,3,67,0.0024752475247524753,-4.9510000000000005,0.2621722846441948,0.31601123595505615,0.0,8.0,80000.0,0.0,0.0,5.0,0.0,0.58,1
89.0,2700,0.2621722846441948,0.31601123595505615,0.0,25.0,400000.0,20000.0,2.0,4.0,0.0,0.58,2,66,0.0024752475247524753,-4.98,0.2621722846441948,0.31601123595505615,0.0,25.0,400000.0,20000.0,2.0,4.0,0.0,0.58,1
89.0,3432,0.2621722846441948,0.31601123595505615,12.5,25.0,400000.0,20000.0,5.0,2.0,0.0,0.58,2,66,0.0024752475247524753,-4.98,0.2621722846441948,0.31601123595505615,12.5,25.0,400000.0,20000.0,5.0,2.0,0.0,0.58,1
89.0,4508,0.2621722846441948,0.31601123595505615,25.0,25.0,400000.0,20000.0,5.0,3.0,0.0,0.58,1,96,0.0024752475247524753,-4.975,0.2621722846441948,0.31601123595505615,25.0,25.0,400000.0,20000.0,5.0,3.0,0.0,0.58,1
89.0,6126,0.2621722846441948,0.31601123595505615,12.5,12.0,120000.0,20000.0,5.0,3.0,0.0,0.58,3,60,0.0024752475247524753,-4.9510000000000005,0.2621722846441948,0.31601123595505615,12.5,12.0,120000.0,20000.0,5.0,3.0,0.0,0.58,1
89.0,7493,0.2621722846441948,0.31601123595505615,12.5,12.0,120000.0,20000.0,2.0,5.0,0.0,0.58,3,60,0.0024752475247524753,-4.9510000000000005,0.2621722846441948,0.31601123595505615,12.5,12.0,120000.0,20000.0,2.0,5.0,0.0,0.58,1
89.0,7944,0.2621722846441948,0.31601123595505615,12.5,12.0,120000.0,20000.0,6.0,4.0,0.0,0.58,1,96,0.0024752475247524753,-4.98,0.2621722846441948,0.31601123595505615,12.5,12.0,120000.0,20000.0,6.0,4.0,0.0,0.58,1
89.0,9286,0.2621722846441948,0.31601123595505615,0.0,12.0,120000.0,0.0,0.0,6.0,0.0,0.58,1,25,0.0024752475247524753,-4.98,0.2621722846441948,0.31601123595505615,0.0,12.0,120000.0,0.0,0.0,6.0,0.0,0.58,1
89.0,10635,0.2621722846441948,0.31601123595505615,0.0,12.0,120000.0,0.0,0.0,4.0,0.0,0.58,1,25,0.0024752475247524753,-4.98,0.2621722846441948,0.31601123595505615,0.0,12.0,120000.0,0.0,0.0,4.0,0.0,0.58,1
89.0,11537,0.2621722846441948,0.31601123595505615,0.0,12.0,120000.0,0.0,0.0,2.0,0.0,0.58,1,72,0.0024752475247524753,-4.98,0.2621722846441948,0.31601123595505615,0.0,12.0,120000.0,0.0,0.0,2.0,0.0,0.58,1
89.0,12431,0.2621722846441948,0.31601123595505615,0.0,12.0,120000.0,0.0,0.0,4.0,0.0,0.58,1,72,0.0024752475247524753,-4.98,0.2621722846441948,0.31601123595505615,0.0,12.0,120000.0,0.0,0.0,4.0,0.0,0.58,1
83.0,5243,0.28112449799196787,0.338855421686747,12.5,12.0,120000.0,20000.0,3.0,5.0,0.0,0.58,0,0,0.0024752475247524753,9.749582916666666,0.2621428009426505,0.315975697564802,0.0,12.0,120000.0,20000.0,2.0,5.0,0.0,0.58,0
90.0,6578,0.25925925925925924,0.3125,0.0,12.0,120000.0,20000.0,3.0,5.0,0.0,0.58,2,16,0.0024752475247524753,-4.98,0.25925925925925924,0.3125,0.0,12.0,120000.0,20000.0,3.0,5.0,0.0,0.58,1
90.0,8843,0.25925925925925924,0.3125,0.0,12.0,120000.0,0.0,0.0,3.0,0.0,0.58,2,16,0.0024752475247524753,-4.98,0.25925925925925924,0.3125,0.0,12.0,120000.0,0.0,0.0,3.0,0.0,0.58,1
90.0,9736,0.25925925925925924,0.3125,0.0,12.0,120000.0,0.0,0.0,3.0,0.0,0.58,2,16,0.0024752475247524753,-4.98,0.25925925925925924,0.3125,0.0,12.0,120000.0,0.0,0.0,3.0,0.0,0.58,1
90.0,10176,0.25925925925925924,0.3125,0.0,12.0,120000.0,0.0,0.0,2.0,0.0,0.58,2,16,0.0024752475247524753,-4.98,0.25925925925925924,0.3125,0.0,12.0,120000.0,0.0,0.0,2.0,0.0,0.58,1
90.0,11070,0.25925925925925924,0.3125,0.0,12.0,120000.0,0.0,0.0,4.0,0.0,0.58,2,16,0.0024752475247524753,-4.98,0.25925925925925924,0.3125,0.0,12.0,120000.0,0.0,0.0,4.0,0.0,0.58,1
90.0,11993,0.25925925925925924,0.3125,0.0,12.0,120000.0,0.0,0.0,1.0,0.0,0.58,1,35,0.0024752475247524753,-4.98025,0.25925925925925924,0.3125,0.0,12.0,120000.0,0.0,0.0,1.0,0.0,0.58,1
86.0,903,0.2713178294573643,0.32703488372093026,0.0,8.0,80000.0,20000.0,3.0,1.0,0.0,0.58,1,1,0.0024752475247524753,9.769124375,0.25923042707509236,0.31246524692087024,12.5,8.0,80000.0,20000.0,4.0,1.0,0.0,0.58,0
85.0,6124,0.27450980392156865,0.33088235294117646,0.0,12.0,120000.0,20000.0,4.0,3.0,0.0,0.58,0,0,0.0024752475247524753,9.75,0.2564102564102564,0.3090659340659341,0.0,12.0,120000.0,20000.0,4.0,3.0,0.0,0.58,0
85.0,7043,0.27450980392156865,0.33088235294117646,0.0,12.0,120000.0,20000.0,4.0,4.0,0.0,0.58,0,0,0.0024752475247524753,9.75,0.2564102564102564,0.3090659340659341,0.0,12.0,120000.0,20000.0,4.0,4.0,0.0,0.58,0
91.0,7,0.2564102564102564,0.3090659340659341,12.5,8.0,80000.0,20000.0,2.0,2.0,0.0,0.58,1,35,0.0024752475247524753,-4.98,0.2564102564102564,0.3090659340659341,12.5,8.0,80000.0,20000.0,2.0,2.0,0.0,0.58,1
91.0,451,0.2564102564102564,0.3090659340659341,12.5,8.0,80000.0,20000.0,6.0,4.0,0.0,0.58,3,24,0.0024752475247524753,-4.9510000000000005,0.2564102564102564,0.3090659340659341,12.5,8.0,80000.0,20000.0,6.0,4.0,0.0,0.58,1
91.0,1814,0.2564102564102564,0.3090659340659341,0.0,8.0,80000.0,0.0,0.0,4.0,0.0,0.58,3,24,0.0024752475247524753,-4.9510000000000005,0.2564102564102564,0.3090659340659341,0.0,8.0,80000.0,0.0,0.0,4.0,0.0,0.58,1
91.0,2271,0.2564102564102564,0.3090659340659341,0.0,8.0,80000.0,0.0,0.0,5.0,0.0,0.58,3,24,0.0024752475247524753,-4.9510000000000005,0.2564102564102564,0.3090659340659341,0.0,8.0,80000.0,0.0,0.0,5.0,0.0,0.58,1
91.0,4156,0.2564102564102564,0.3090659340659341,0.0,25.0,400000.0,0.0,0.0,1.0,0.0,0.58,3,24,0.0024752475247524753,-4.9510000000000005,0.2564102564102564,0.3090659340659341,0.0,25.0,400000.0,0.0,0.0,1.0,0.0,0.58,1
91.0,4876,0.2564102564102564,0.3090659340659341,0.0,25.0,400000.0,0.0,0.0,5.0,0.0,0.58,3,24,0.0024752475247524753,-4.9510000000000005,0.2564102564102564,0.3090659340659341,0.0,25.0,400000.0,0.0,0.0,5.0,0.0,0.58,1
91.0,6127,0.2564102564102564,0.3090659340659341,0.0,12.0,120000.0,20000.0,4.0,3.0,0.0,0.58,3,24,0.0024752475247524753,-4.9510000000000005,0.2564102564102564,0.3090659340659341,0.0,12.0,120000.0,20000.0,4.0,3.0,0.0,0.58,1
91.0,7494,0.2564102564102564,0.3090659340659341,12.5,12.0,120000.0,20000.0,2.0,5.0,0.0,0.58,2,50,0.0024752475247524753,-4.98,0.2564102564102564,0.3090659340659341,12.5,12.0,120000.0,20000.0,2.0,5.0,0.0,0.58,1
91.0,9287,0.2564102564102564,0.3090659340659341,0.0,12.0,120000.0,0.0,0.0,6.0,0.0,0.58,2,50,0.0024752475247524753,-4.98,0.2564102564102564,0.3090659340659341,0.0,12.0,120000.0,0.0,0.0,6.0,0.0,0.58,1
91.0,10636,0.2564102564102564,0.3090659340659341,0.0,12.0,120000.0,0.0,0.0,4.0,0.0,0.58,2,82,0.0024752475247524753,-4.98,0.2564102564102564,0.3090659340659341,0.0,12.0,120000.0,0.0,0.0,4.0,0.0,0.58,1
91.0,11538,0.2564102564102564,0.3090659340659341,0.0,12.0,120000.0,0.0,0.0,2.0,0.0,0.58,2,82,0.0024752475247524753,-4.98,0.2564102564102564,0.3090659340659341,0.0,12.0,120000.0,0.0,0.0,2.0,0.0,0.58,1
91.0,12432,0.2564102564102564,0.3090659340659341,0.0,12.0,120000.0,0.0,0.0,4.0,0.0,0.58,2,82,0.0024752475247524753,-4.98,0.2564102564102564,0.3090659340659341,0.0,12.0,120000.0,0.0,0.0,4.0,0.0,0.58,1
85.0,7491,0.27450980392156865,0.33088235294117646,12.5,12.0,120000.0,20000.0,2.0,5.0,0.0,0.58,0,0,0.0024752475247524753,9.749582916666666,0.25638205438427414,0.3090319405524733,0.0,12.0,120000.0,20000.0,1.0,5.0,0.0,0.58,0
85.0,7942,0.27450980392156865,0.33088235294117646,12.5,12.0,120000.0,20000.0,6.0,5.0,0.0,0.58,0,0,0.0024752475247524753,9.749582916666666,0.25638205438427414,0.3090319405524733,0.0,12.0,120000.0,20000.0,6.0,3.0,0.0,0.58,0
92.0,906,0.25362318840579706,0.30570652173913043,12.5,8.0,80000.0,20000.0,4.0,1.0,0.0,0.58,2,82,0.0024752475247524753,-4.98,0.25362318840579706,0.30570652173913043,12.5,8.0,80000.0,20000.0,4.0,1.0,0.0,0.58,1
92.0,2701,0.25362318840579706,0.30570652173913043,0.0,25.0,400000.0,20000.0,2.0,4.0,0.0,0.58,1,30,0.0024752475247524753,-4.98,0.25362318840579706,0.30570652173913043,0.0,25.0,400000.0,20000.0,2.0,4.0,0.0,0.58,1
92.0,3433,0.25362318840579706,0.30570652173913043,12.5,25.0,400000.0,20000.0,5.0,2.0,0.0,0.58,1,30,0.0024752475247524753,-4.98,0.25362318840579706,0.30570652173913043,12.5,25.0,400000.0,20000.0,5.0,2.0,0.0,0.58,1
92.0,4509,0.25362318840579706,0.30570652173913043,25.0,25.0,400000.0,20000.0,5.0,3.0,0.0,0.58,2,68,0.0024752475247524753,-4.975,0.25362318840579706,0.30570652173913043,25.0,25.0,400000.0,20000.0,5.0,3.0,0.0,0.58,1
92.0,6579,0.25362318840579706,0.30570652173913043,0.0,12.0,120000.0,20000.0,3.0,5.0,0.0,0.58,2,68,0.0024752475247524753,-4.98,0.25362318840579706,0.30570652173913043,0.0,12.0,120000.0,20000.0,3.0,5.0,0.0,0.58,1
92.0,8844,0.25362318840579706,0.30570652173913043,0.0,12.0,120000.0,0.0,0.0,3.0,0.0,0.58,3,37,0.0024752475247524753,-4.9510000000000005,0.25362318840579706,0.30570652173913043,0.0,12.0,120000.0,0.0,0.0,3.0,0.0,0.58,1
92.0,9737,0.25362318840579706,0.30570652173913043,0.0,12.0,120000.0,0.0,0.0,3.0,0.0,0.58,3,37,0.0024752475247524753,-4.9510000000000005,0.25362318840579706,0.30570652173913043,0.0,12.0,120000.0,0.0,0.0,3.0,0.0,0.58,1
92.0,10177,0.25362318840579706,0.30570652173913043,0.0,12.0,120000.0,0.0,0.0,2.0,0.0,0.58,1,75,0.0024752475247524753,-4.98,0.25362318840579706,0.30570652173913043,0.0,12.0,120000.0,0.0,0.0,2.0,0.0,0.58,1
92.0,11071,0.25362318840579706,0.30570652173913043,0.0,12.0,120000.0,0.0,0.0,4.0,0.0,0.58,1,75,0.0024752475247524753,-4.98,0.25362318840579706,0.30570652173913043,0.0,12.0,120000.0,0.0,0.0,4.0,0.0,0.58,1
92.0,11994,0.25362318840579706,0.30570652173913043,0.0,12.0,120000.0,0.0,0.0,1.0,0.0,0.58,3,27,0.0024752475247524753,-4.9510000000000005,0.25362318840579706,0.30570652173913043,0.0,12.0,120000.0,0.0,0.0,1.0,0.0,0.58,1
89.0,450,0.2621722846441948,0.31601123595505615,0.0,8.0,80000.0,20000.0,4.0,4.0,0.0,0.58,0,0,0.0024752475247524753,9.75,0.25089605734767023,0.3024193548387097,0.0,8.0,80000.0,20000.0,6.0,4.0,0.0,0.58,0
89.0,6,0.2621722846441948,0.31601123595505615,0.0,8.0,80000.0,20000.0,1.0,2.0,0.0,0.58,0,0,0.0024752475247524753,9.75,0.25089605734767023,0.3024193548387097,0.0,8.0,80000.0,20000.0,2.0,2.0,0.0,0.58,0
93.0,1815,0.25089605734767023,0.3024193548387097,0.0,8.0,80000.0,0.0,0.0,4.0,0.0,0.58,1,33,0.0024752475247524753,-4.98,0.25089605734767023,0.3024193548387097,0.0,8.0,80000.0,0.0,0.0,4.0,0.0,0.58,1
93.0,2272,0.25089605734767023,0.3024193548387097,0.0,8.0,80000.0,0.0,0.0,5.0,0.0,0.58,1,33,0.0024752475247524753,-4.98,0.25089605734767023,0.3024193548387097,0.0,8.0,80000.0,0.0,0.0,5.0,0.0,0.58,1
93.0,3796,0.25089605734767023,0.3024193548387097,37.5,25.0,400000.0,20000.0,8.0,0.0,0.0,0.58,3,23,0.0024752475247524753,-4.9335,0.25089605734767023,0.3024193548387097,37.5,25.0,400000.0,20000.0,8.0,0.0,0.0,0.58,1
93.0,6128,0.25089605734767023,0.3024193548387097,0.0,12.0,120000.0,20000.0,4.0,3.0,0.0,0.58,3,23,0.0024752475247524753,-4.9510000000000005,0.25089605734767023,0.3024193548387097,0.0,12.0,120000.0,20000.0,4.0,3.0,0.0,0.58,1
93.0,9288,0.25089605734767023,0.3024193548387097,0.0,12.0,120000.0,0.0,0.0,6.0,0.0,0.58,3,23,0.0024752475247524753,-4.9510000000000005,0.25089605734767023,0.3024193548387097,0.0,12.0,120000.0,0.0,0.0,6.0,0.0,0.58,1
93.0,10637,0.25089605734767023,0.3024193548387097,0.0,12.0,120000.0,0.0,0.0,4.0,0.0,0.58,3,23,0.0024752475247524753,-4.9510000000000005,0.25089605734767023,0.3024193548387097,0.0,12.0,120000.0,0.0,0.0,4.0,0.0,0.58,1
93.0,11539,0.25089605734767023,0.3024193548387097,0.0,12.0,120000.0,0.0,0.0,2.0,0.0,0.58,3,23,0.0024752475247524753,-4.9510000000000005,0.25089605734767023,0.3024193548387097,0.0,12.0,120000.0,0.0,0.0,2.0,0.0,0.58,1
93.0,12433,0.25089605734767023,0.3024193548387097,0.0,12.0,120000.0,0.0,0.0,4.0,0.0,0.58,3,23,0.0024752475247524753,-4.9510000000000005,0.25089605734767023,0.3024193548387097,0.0,12.0,120000.0,0.0,0.0,4.0,0.0,0.58,1
94.0,907,0.24822695035460995,0.2992021276595745,12.5,8.0,80000.0,20000.0,4.0,1.0,0.0,0.58,3,23,0.0024752475247524753,-4.9510000000000005,0.24822695035460995,0.2992021276595745,12.5,8.0,80000.0,20000.0,4.0,1.0,0.0,0.58,1
94.0,4157,0.24822695035460995,0.2992021276595745,0.0,25.0,400000.0,0.0,0.0,1.0,0.0,0.58,3,98,0.0024752475247524753,-4.9510000000000005,0.24822695035460995,0.2992021276595745,0.0,25.0,400000.0,0.0,0.0,1.0,0.0,0.58,1
94.0,4877,0.24822695035460995,0.2992021276595745,0.0,25.0,400000.0,0.0,0.0,5.0,0.0,0.58,3,98,0.0024752475247524753,-4.9510000000000005,0.24822695035460995,0.2992021276595745,0.0,25.0,400000.0,0.0,0.0,5.0,0.0,0.58,1
94.0,6580,0.24822695035460995,0.2992021276595745,0.0,12.0,120000.0,20000.0,3.0,5.0,0.0,0.58,1,74,0.0024752475247524753,-4.98,0.24822695035460995,0.2992021276595745,0.0,12.0,120000.0,20000.0,3.0,5.0,0.0,0.58,1
94.0,9738,0.24822695035460995,0.2992021276595745,0.0,12.0,120000.0,0.0,0.0,3.0,0.0,0.58,1,74,0.0024752475247524753,-4.98,0.24822695035460995,0.2992021276595745,0.0,12.0,120000.0,0.0,0.0,3.0,0.0,0.58,1
94.0,10178,0.24822695035460995,0.2992021276595745,0.0,12.0,120000.0,0.0,0.0,2.0,0.0,0.58,2,59,0.0024752475247524753,-4.98,0.24822695035460995,0.2992021276595745,0.0,12.0,120000.0,0.0,0.0,2.0,0.0,0.58,1
94.0,11072,0.24822695035460995,0.2992021276595745,0.0,12.0,120000.0,0.0,0.0,4.0,0.0,0.58,2,59,0.0024752475247524753,-4.98,0.24822695035460995,0.2992021276595745,0.0,12.0,120000.0,0.0,0.0,4.0,0.0,0.58,1
90.0,905,0.25925925925925924,0.3125,12.5,8.0,80000.0,20000.0,4.0,1.0,0.0,0.58,0,0,0.0024752475247524753,9.749374375,0.24820051963969936,0.2991702692085662,0.0,8.0,80000.0,20000.0,3.0,1.0,0.0,0.58,0
89.0,5694,0.2621722846441948,0.31601123595505615,0.0,12.0,120000.0,20000.0,1.0,2.0,0.0,0.58,1,96,0.0024752475247524753,9.77,0.2456140350877193,0.2960526315789474,0.0,12.0,120000.0,20000.0,1.0,2.0,0.0,0.58,0
95.0,9,0.2456140350877193,0.2960526315789474,12.5,8.0,80000.0,20000.0,2.0,2.0,0.0,0.58,2,38,0.0024752475247524753,-4.98,0.2456140350877193,0.2960526315789474,12.5,8.0,80000.0,20000.0,2.0,2.0,0.0,0.58,1
95.0,453,0.2456140350877193,0.2960526315789474,12.5,8.0,80000.0,20000.0,6.0,4.0,0.0,0.58,2,38,0.0024752475247524753,-4.98,0.2456140350877193,0.2960526315789474,12.5,8.0,80000.0,20000.0,6.0,4.0,0.0,0.58,1
95.0,1816,0.2456140350877193,0.2960526315789474,0.0,8.0,80000.0,0.0,0.0,4.0,0.0,0.58,3,81,0.0024752475247524753,-4.9510000000000005,0.2456140350877193,0.2960526315789474,0.0,8.0,80000.0,0.0,0.0,4.0,0.0,0.58,1
95.0,2273,0.2456140350877193,0.2960526315789474,0.0,8.0,80000.0,0.0,0.0,5.0,0.0,0.58,3,81,0.0024752475247524753,-4.9510000000000005,0.2456140350877193,0.2960526315789474,0.0,8.0,80000.0,0.0,0.0,5.0,0.0,0.58,1
95.0,2702,0.2456140350877193,0.2960526315789474,0.0,25.0,400000.0,20000.0,2.0,4.0,0.0,0.58,3,19,0.0024752475247524753,-4.9510000000000005,0.2456140350877193,0.2960526315789474,0.0,25.0,400000.0,20000.0,2.0,4.0,0.0,0.58,1
95.0,3434,0.2456140350877193,0.2960526315789474,12.5,25.0,400000.0,20000.0,5.0,2.0,0.0,0.58,3,19,0.0024752475247524753,-4.9510000000000005,0.2456140350877193,0.2960526315789474,12.5,25.0,400000.0,20000.0,5.0,2.0,0.0,0.58,1
95.0,4510,0.2456140350877193,0.2960526315789474,25.0,25.0,400000.0,20000.0,5.0,3.0,0.0,0.58,3,97,0.0024752475247524753,-4.946,0.2456140350877193,0.2960526315789474,25.0,25.0,400000.0,20000.0,5.0,3.0,0.0,0.58,1
95.0,6129,0.2456140350877193,0.2960526315789474,0.0,12.0,120000.0,20000.0,5.0,3.0,0.0,0.58,3,97,0.0024752475247524753,-4.9510000000000005,0.2456140350877193,0.2960526315789474,0.0,12.0,120000.0,20000.0,5.0,3.0,0.0,0.58,1
95.0,8371,0.2456140350877193,0.2960526315789474,12.5,12.0,120000.0,20000.0,6.0,1.0,0.0,0.58,2,17,0.0024752475247524753,-4.98,0.2456140350877193,0.2960526315789474,12.5,12.0,120000.0,20000.0,6.0,1.0,0.0,0.58,1
95.0,9289,0.2456140350877193,0.2960526315789474,0.0,12.0,120000.0,0.0,0.0,6.0,0.0,0.58,2,17,0.0024752475247524753,-4.98,0.2456140350877193,0.2960526315789474,0.0,12.0,120000.0,0.0,0.0,6.0,0.0,0.58,1
95.0,10638,0.2456140350877193,0.2960526315789474,0.0,12.0,120000.0,0.0,0.0,4.0,0.0,0.58,1,43,0.0024752475247524753,-4.98,0.2456140350877193,0.2960526315789474,0.0,12.0,120000.0,0.0,0.0,4.0,0.0,0.58,1
95.0,11540,0.2456140350877193,0.2960526315789474,0.0,12.0,120000.0,0.0,0.0,2.0,0.0,0.58,1,43,0.0024752475247524753,-4.98,0.2456140350877193,0.2960526315789474,0.0,12.0,120000.0,0.0,0.0,2.0,0.0,0.58,1
95.0,12434,0.2456140350877193,0.2960526315789474,0.0,12.0,120000.0,0.0,0.0,4.0,0.0,0.58,3,26,0.0024752475247524753,-4.9510000000000005,0.2456140350877193,0.2960526315789474,0.0,12.0,120000.0,0.0,0.0,4.0,0.0,0.58,1
75.0,3790,0.3111111111111111,0.2361111111111111,12.5,25.0,400000.0,20000.0,3.0,0.0,0.0,0.58,0,0,0.0024752475247524753,9.599299799999999,0.24558815785129728,0.29602144026718874,25.0,25.0,400000.0,20000.0,7.0,0.0,0.0,0.58,0
96.0,908,0.24305555555555555,0.29296875,0.0,8.0,80000.0,20000.0,3.0,1.0,0.0,0.58,3,26,0.0024752475247524753,-4.9510000000000005,0.24305555555555555,0.29296875,0.0,8.0,80000.0,20000.0,3.0,1.0,0.0,0.58,1
96.0,3797,0.24305555555555555,0.29296875,25.0,25.0,400000.0,20000.0,7.0,0.0,0.0,0.58,3,26,0.0024752475247524753,-4.946,0.24305555555555555,0.29296875,25.0,25.0,400000.0,20000.0,7.0,0.0,0.0,0.58,1
96.0,6581,0.24305555555555555,0.29296875,0.0,12.0,120000.0,20000.0,3.0,5.0,0.0,0.58,3,26,0.0024752475247524753,-4.9510000000000005,0.24305555555555555,0.29296875,0.0,12.0,120000.0,20000.0,3.0,5.0,0.0,0.58,1
96.0,9739,0.24305555555555555,0.29296875,0.0,12.0,120000.0,0.0,0.0,3.0,0.0,0.58,2,84,0.0024752475247524753,-4.98,0.24305555555555555,0.29296875,0.0,12.0,120000.0,0.0,0.0,3.0,0.0,0.58,1
96.0,10179,0.24305555555555555,0.29296875,0.0,12.0,120000.0,0.0,0.0,2.0,0.0,0.58,2,84,0.0024752475247524753,-4.98,0.24305555555555555,0.29296875,0.0,12.0,120000.0,0.0,0.0,2.0,0.0,0.58,1
96.0,11073,0.24305555555555555,0.29296875,0.0,12.0,120000.0,0.0,0.0,4.0,0.0,0.58,2,84,0.0024752475247524753,-4.98,0.24305555555555555,0.29296875,0.0,12.0,120000.0,0.0,0.0,4.0,0.0,0.58,1
